code,name,market,year,cash_div,stock_div,total_div
2408,南亞科,TWSE,2015,1.9984,0.0,1.9984
2408,南亞科,TWSE,2016,2.8,0.0,2.8
2408,南亞科,TWSE,2017,1.5,0.0,1.5
2408,南亞科,TWSE,2018,3.5087,0.0,3.5087
2408,南亞科,TWSE,2019,7.1105,0.0,7.1105
2408,南亞科,TWSE,2020,1.4973,0.0,1.4973
2408,南亞科,TWSE,2021,1.2966,0.0,1.2966
2408,南亞科,TWSE,2022,3.7028,0.0,3.7028
2408,南亞科,TWSE,2023,2.1304,0.0,2.1304
2408,南亞科,TWSE,2026,1.3471,0.0,1.3471
2330,台積電,TWSE,2015,4.4999,0.0,4.4999
2330,台積電,TWSE,2016,6.0,0.0,6.0
2330,台積電,TWSE,2017,7.0,0.0,7.0
2330,台積電,TWSE,2018,8.0,0.0,8.0
2330,台積電,TWSE,2019,12.5,0.0,12.5
2330,台積電,TWSE,2020,10.0,0.0,10.0
2330,台積電,TWSE,2021,10.5,0.0,10.5
2330,台積電,TWSE,2022,11.0,0.0,11.0
2330,台積電,TWSE,2023,11.4996,0.0,11.4996
2330,台積電,TWSE,2024,14.9994,0.0,14.9994
2330,台積電,TWSE,2025,19.0001,0.0,19.0001
2330,台積電,TWSE,2026,12.0001,0.0,12.0001
2301,光寶科,TWSE,2015,1.97,0.05,2.02
2301,光寶科,TWSE,2016,2.186,0.0499,2.2359
2301,光寶科,TWSE,2017,2.92,0.0,2.92
2301,光寶科,TWSE,2018,2.92,0.0,2.92
2301,光寶科,TWSE,2019,2.92,0.0,2.92
2301,光寶科,TWSE,2020,3.2,0.0,3.2
2301,光寶科,TWSE,2021,5.4,0.0,5.4
2301,光寶科,TWSE,2022,4.0,0.0,4.0
2301,光寶科,TWSE,2023,5.0,0.0,5.0
2301,光寶科,TWSE,2024,4.506,0.0,4.506
2301,光寶科,TWSE,2025,4.5066,0.0,4.5066
2301,光寶科,TWSE,2026,5.5,0.0,5.5
2454,聯發科,TWSE,2015,21.9999,0.0,21.9999
2454,聯發科,TWSE,2016,11.0,0.0,11.0
2454,聯發科,TWSE,2017,9.5,0.0,9.5
2454,聯發科,TWSE,2018,10.0,0.0,10.0
2454,聯發科,TWSE,2019,9.0,0.0,9.0
2454,聯發科,TWSE,2020,10.5009,0.0,10.5009
2454,聯發科,TWSE,2021,37.0,0.0,37.0
2454,聯發科,TWSE,2022,73.0011,0.0,73.0011
2454,聯發科,TWSE,2023,76.0066,0.0,76.0066
2454,聯發科,TWSE,2024,55.0053,0.0,55.0053
2454,聯發科,TWSE,2025,54.0002,0.0,54.0002
2454,聯發科,TWSE,2026,53.5002,0.0,53.5002
2327,國巨*,TWSE,2015,4.0002,0.0,4.0002
2327,國巨*,TWSE,2016,2.0,0.0,2.0
2327,國巨*,TWSE,2017,3.0,0.0,3.0
2327,國巨*,TWSE,2018,14.8648,1.9812,16.8459
2327,國巨*,TWSE,2019,44.8349,0.0,44.8349
2327,國巨*,TWSE,2020,13.0617,0.0,13.0617
2327,國巨*,TWSE,2021,10.0813,0.0,10.0813
2327,國巨*,TWSE,2022,10.1028,0.0,10.1028
2327,國巨*,TWSE,2023,9.9938,0.0,9.9938
2327,國巨*,TWSE,2024,19.9724,1.9484,21.9207
2327,國巨*,TWSE,2025,19.995,0.0,19.995
2327,國巨*,TWSE,2026,5.9985,0.0,5.9985
2308,台達電,TWSE,2015,6.7,0.0,6.7
2308,台達電,TWSE,2016,5.0,0.0,5.0
2308,台達電,TWSE,2017,5.0,0.0,5.0
2308,台達電,TWSE,2018,5.0,0.0,5.0
2308,台達電,TWSE,2019,5.0,0.0,5.0
2308,台達電,TWSE,2020,5.0,0.0,5.0
2308,台達電,TWSE,2021,5.5,0.0,5.5
2308,台達電,TWSE,2022,5.5,0.0,5.5
2308,台達電,TWSE,2023,9.84,0.0,9.84
2308,台達電,TWSE,2024,6.43,0.0,6.43
2308,台達電,TWSE,2025,7.0,0.0,7.0
2308,台達電,TWSE,2026,11.6,0.0,11.6
8039,台虹,TWSE,2015,2.9999,0.0,2.9999
8039,台虹,TWSE,2016,2.0,0.2,2.2
8039,台虹,TWSE,2017,1.9992,0.0,1.9992
8039,台虹,TWSE,2018,2.5,0.0,2.5
8039,台虹,TWSE,2019,2.5,0.0,2.5
8039,台虹,TWSE,2020,2.5,0.0,2.5
8039,台虹,TWSE,2021,2.5,0.0,2.5
8039,台虹,TWSE,2022,2.5,0.0,2.5
8039,台虹,TWSE,2023,2.5,0.0,2.5
8039,台虹,TWSE,2024,0.9197,0.4598,1.3795
8039,台虹,TWSE,2025,2.4952,0.0,2.4952
8039,台虹,TWSE,2026,1.9934,0.0,1.9934
3037,欣興,TWSE,2015,0.505,0.0,0.505
3037,欣興,TWSE,2016,0.3024,0.0,0.3024
3037,欣興,TWSE,2017,0.2985,0.0,0.2985
3037,欣興,TWSE,2018,0.4982,0.0,0.4982
3037,欣興,TWSE,2019,0.8001,0.0,0.8001
3037,欣興,TWSE,2020,1.0919,0.0,1.0919
3037,欣興,TWSE,2021,1.3929,0.0,1.3929
3037,欣興,TWSE,2022,3.4,0.0,3.4
3037,欣興,TWSE,2023,7.993,0.0,7.993
3037,欣興,TWSE,2024,3.0,0.0,3.0
3037,欣興,TWSE,2025,1.5,0.0,1.5
3037,欣興,TWSE,2026,1.9802,0.0,1.9802
2344,華邦電,TWSE,2016,0.1,0.0,0.1
2344,華邦電,TWSE,2017,0.6,0.0,0.6
2344,華邦電,TWSE,2018,1.0,0.0,1.0
2344,華邦電,TWSE,2019,1.0,0.0,1.0
2344,華邦電,TWSE,2020,0.1,0.0,0.1
2344,華邦電,TWSE,2021,0.2,0.0,0.2
2344,華邦電,TWSE,2022,1.0,0.0,1.0
2344,華邦電,TWSE,2023,1.0,0.0,1.0
2344,華邦電,TWSE,2024,0.0,0.0,0.0
2344,華邦電,TWSE,2026,0.5,0.0,0.5
2303,聯電,TWSE,2015,0.5497,0.0,0.5497
2303,聯電,TWSE,2016,0.565,0.0,0.565
2303,聯電,TWSE,2017,0.5,0.0,0.5
2303,聯電,TWSE,2018,0.7116,0.0,0.7116
2303,聯電,TWSE,2019,0.5899,0.0,0.5899
2303,聯電,TWSE,2020,0.804,0.0,0.804
2303,聯電,TWSE,2021,1.5999,0.0,1.5999
2303,聯電,TWSE,2022,3.0,0.0,3.0
2303,聯電,TWSE,2023,3.6005,0.0,3.6005
2303,聯電,TWSE,2024,3.0001,0.0,3.0001
2303,聯電,TWSE,2025,2.8502,0.0,2.8502
2303,聯電,TWSE,2026,2.6081,0.0,2.6081
6213,聯茂,TWSE,2015,1.2192,0.0,1.2192
6213,聯茂,TWSE,2016,1.6,0.0,1.6
6213,聯茂,TWSE,2017,2.5,0.0,2.5
6213,聯茂,TWSE,2018,3.1,0.0,3.1
6213,聯茂,TWSE,2019,3.8,0.0,3.8
6213,聯茂,TWSE,2020,5.0,0.0,5.0
6213,聯茂,TWSE,2021,5.0,0.0,5.0
6213,聯茂,TWSE,2022,5.0,0.0,5.0
6213,聯茂,TWSE,2023,3.0,0.0,3.0
6213,聯茂,TWSE,2024,1.5,0.0,1.5
6213,聯茂,TWSE,2025,1.8,0.0,1.8
6213,聯茂,TWSE,2026,2.9989,0.0,2.9989
2609,陽明,TWSE,2017,0.0,0.0,0.0
2609,陽明,TWSE,2022,20.0,0.0,20.0
2609,陽明,TWSE,2023,20.0,0.0,20.0
2609,陽明,TWSE,2024,2.0,0.0,2.0
2609,陽明,TWSE,2025,7.5,0.0,7.5
2609,陽明,TWSE,2026,2.0,0.0,2.0
3008,大立光,TWSE,2015,51.0,0.0,51.0
3008,大立光,TWSE,2016,63.5,0.0,63.5
3008,大立光,TWSE,2017,63.5,0.0,63.5
3008,大立光,TWSE,2018,72.5,0.0,72.5
3008,大立光,TWSE,2019,68.0,0.0,68.0
3008,大立光,TWSE,2020,79.0,0.0,79.0
3008,大立光,TWSE,2021,91.5,0.0,91.5
3008,大立光,TWSE,2022,109.6561,0.0,109.6561
3008,大立光,TWSE,2023,72.5,0.0,72.5
3008,大立光,TWSE,2024,81.0,0.0,81.0
3008,大立光,TWSE,2025,85.5,0.0,85.5
3008,大立光,TWSE,2026,93.5,0.0,93.5
2615,萬海,TWSE,2015,2.0,0.0,2.0
2615,萬海,TWSE,2016,1.2,0.0,1.2
2615,萬海,TWSE,2017,0.4,0.0,0.4
2615,萬海,TWSE,2018,0.5,0.0,0.5
2615,萬海,TWSE,2019,0.6056,0.0,0.6056
2615,萬海,TWSE,2020,0.8,0.0,0.8
2615,萬海,TWSE,2021,1.0,1.0,2.0
2615,萬海,TWSE,2022,10.5,1.5,12.0
2615,萬海,TWSE,2023,5.0,0.0,5.0
2615,萬海,TWSE,2024,1.5,0.0,1.5
2615,萬海,TWSE,2025,3.5,0.0,3.5
2615,萬海,TWSE,2026,3.0,0.0,3.0
1303,南亞,TWSE,2015,2.3,0.0,2.3
1303,南亞,TWSE,2016,3.3,0.0,3.3
1303,南亞,TWSE,2017,4.5,0.0,4.5
1303,南亞,TWSE,2018,5.1,0.0,5.1
1303,南亞,TWSE,2019,5.0,0.0,5.0
1303,南亞,TWSE,2020,2.2,0.0,2.2
1303,南亞,TWSE,2021,2.4,0.0,2.4
1303,南亞,TWSE,2022,7.5,0.0,7.5
1303,南亞,TWSE,2023,3.0,0.0,3.0
1303,南亞,TWSE,2024,0.7,0.0,0.7
1303,南亞,TWSE,2025,0.7,0.0,0.7
1303,南亞,TWSE,2026,0.8,0.0,0.8
6770,力積電,TWSE,2021,0.65,0.0,0.65
6770,力積電,TWSE,2022,1.9113,0.0,1.9113
6770,力積電,TWSE,2023,0.3,0.0,0.3
6770,力積電,TWSE,2026,0.23,0.0,0.23
3231,緯創,TWSE,2015,1.2299,0.3075,1.5374
3231,緯創,TWSE,2016,1.1965,0.2991,1.4957
3231,緯創,TWSE,2017,1.1843,0.2961,1.4804
3231,緯創,TWSE,2018,1.1692,0.2923,1.4615
3231,緯創,TWSE,2019,1.4879,0.0,1.4879
3231,緯創,TWSE,2020,2.0423,0.0,2.0423
3231,緯創,TWSE,2021,2.2,0.0,2.2
3231,緯創,TWSE,2022,2.2001,0.0,2.2001
3231,緯創,TWSE,2023,2.5987,0.0,2.5987
3231,緯創,TWSE,2024,2.5991,0.0,2.5991
3231,緯創,TWSE,2025,3.7993,0.0,3.7993
3231,緯創,TWSE,2026,5.5006,0.0,5.5006
2383,台光電,TWSE,2015,2.4963,0.0,2.4963
2383,台光電,TWSE,2016,4.2909,0.0,4.2909
2383,台光電,TWSE,2017,4.6983,0.0,4.6983
2383,台光電,TWSE,2018,4.8,0.0,4.8
2383,台光電,TWSE,2019,3.8,0.0,3.8
2383,台光電,TWSE,2020,5.7619,0.0,5.7619
2383,台光電,TWSE,2021,7.0,0.0,7.0
2383,台光電,TWSE,2022,10.0,0.0,10.0
2383,台光電,TWSE,2023,8.4068,0.0,8.4068
2383,台光電,TWSE,2024,9.9792,0.0,9.9792
2383,台光電,TWSE,2025,16.5754,0.0,16.5754
2383,台光電,TWSE,2026,25.0,0.0,25.0
8046,南電,TWSE,2015,1.3,0.0,1.3
8046,南電,TWSE,2016,1.0,0.0,1.0
8046,南電,TWSE,2017,0.8,0.0,0.8
8046,南電,TWSE,2018,0.5,0.0,0.5
8046,南電,TWSE,2019,0.7,0.0,0.7
8046,南電,TWSE,2020,0.7,0.0,0.7
8046,南電,TWSE,2021,3.4,0.0,3.4
8046,南電,TWSE,2022,10.0,0.0,10.0
8046,南電,TWSE,2023,18.0,0.0,18.0
8046,南電,TWSE,2024,5.5,0.0,5.5
8046,南電,TWSE,2025,1.0,0.0,1.0
8046,南電,TWSE,2026,2.0,0.0,2.0
2059,川湖,TWSE,2015,9.0,0.0,9.0
2059,川湖,TWSE,2016,10.1,0.0,10.1
2059,川湖,TWSE,2017,8.25,0.0,8.25
2059,川湖,TWSE,2018,5.0,0.0,5.0
2059,川湖,TWSE,2019,9.5,0.0,9.5
2059,川湖,TWSE,2020,8.0,0.0,8.0
2059,川湖,TWSE,2021,6.12,0.0,6.12
2059,川湖,TWSE,2022,10.88,0.0,10.88
2059,川湖,TWSE,2023,20.0,0.0,20.0
2059,川湖,TWSE,2024,14.19,0.0,14.19
2059,川湖,TWSE,2025,32.2,0.0,32.2
2059,川湖,TWSE,2026,51.0,0.0,51.0
3189,景碩,TWSE,2015,4.0,0.0,4.0
3189,景碩,TWSE,2016,3.5,0.0,3.5
3189,景碩,TWSE,2017,3.0,0.0,3.0
3189,景碩,TWSE,2018,1.5,0.0,1.5
3189,景碩,TWSE,2019,1.4991,0.0,1.4991
3189,景碩,TWSE,2020,1.0004,0.0,1.0004
3189,景碩,TWSE,2021,1.0,0.0,1.0
3189,景碩,TWSE,2022,4.5,0.0,4.5
3189,景碩,TWSE,2023,6.4756,0.0,6.4756
3189,景碩,TWSE,2024,1.0001,0.0,1.0001
3189,景碩,TWSE,2025,1.0002,0.0,1.0002
3189,景碩,TWSE,2026,1.5176,0.0,1.5176
2317,鴻海,TWSE,2015,3.8,0.5,4.3
2317,鴻海,TWSE,2016,4.0,1.0,5.0
2317,鴻海,TWSE,2017,4.5,0.0,4.5
2317,鴻海,TWSE,2018,2.0,0.0,2.0
2317,鴻海,TWSE,2019,4.0,0.0,4.0
2317,鴻海,TWSE,2020,4.2,0.0,4.2
2317,鴻海,TWSE,2021,4.0,0.0,4.0
2317,鴻海,TWSE,2022,5.2,0.0,5.2
2317,鴻海,TWSE,2023,5.3,0.0,5.3
2317,鴻海,TWSE,2024,5.4,0.0,5.4
2317,鴻海,TWSE,2025,5.8,0.0,5.8
2317,鴻海,TWSE,2026,7.1718,0.0,7.1718
3443,創意,TWSE,2015,3.0,0.0,3.0
3443,創意,TWSE,2016,3.0,0.0,3.0
3443,創意,TWSE,2017,3.5,0.0,3.5
3443,創意,TWSE,2018,5.0,0.0,5.0
3443,創意,TWSE,2019,5.0,0.0,5.0
3443,創意,TWSE,2020,5.0,0.0,5.0
3443,創意,TWSE,2021,5.0,0.0,5.0
3443,創意,TWSE,2022,7.0,0.0,7.0
3443,創意,TWSE,2023,14.0,0.0,14.0
3443,創意,TWSE,2024,14.0,0.0,14.0
3443,創意,TWSE,2025,16.0,0.0,16.0
3443,創意,TWSE,2026,20.0,0.0,20.0
3481,群創,TWSE,2015,0.7,0.0,0.7
3481,群創,TWSE,2016,0.2,0.0,0.2
3481,群創,TWSE,2017,0.1,0.0,0.1
3481,群創,TWSE,2018,0.8,0.0,0.8
3481,群創,TWSE,2019,0.06,0.0,0.06
3481,群創,TWSE,2020,0.1,0.0,0.1
3481,群創,TWSE,2021,0.3988,0.0,0.3988
3481,群創,TWSE,2022,1.055,0.0,1.055
3481,群創,TWSE,2025,1.0,0.0,1.0
3481,群創,TWSE,2026,1.0,0.0,1.0
3017,奇鋐,TWSE,2015,1.0,0.0,1.0
3017,奇鋐,TWSE,2016,1.0,0.0,1.0
3017,奇鋐,TWSE,2017,1.2,0.0,1.2
3017,奇鋐,TWSE,2018,1.3,0.0,1.3
3017,奇鋐,TWSE,2019,1.0,0.0,1.0
3017,奇鋐,TWSE,2020,1.3,0.0,1.3
3017,奇鋐,TWSE,2021,2.8,0.0,2.8
3017,奇鋐,TWSE,2022,4.3,0.0,4.3
3017,奇鋐,TWSE,2023,4.9958,0.0,4.9958
3017,奇鋐,TWSE,2024,6.9573,0.0,6.9573
3017,奇鋐,TWSE,2025,9.9304,0.0,9.9304
3017,奇鋐,TWSE,2026,20.8816,0.0,20.8816
6446,藥華藥,TWSE,2016,0.0,0.0,0.0
6446,藥華藥,TWSE,2020,0.0,0.0,0.0
6446,藥華藥,TWSE,2022,0.0,0.0,0.0
6446,藥華藥,TWSE,2025,1.0984,1.0973,2.1957
6446,藥華藥,TWSE,2026,1.4902,1.0928,2.5829
3532,台勝科,TWSE,2015,1.0,0.0,1.0
3532,台勝科,TWSE,2016,1.1,0.0,1.1
3532,台勝科,TWSE,2017,0.67,0.0,0.67
3532,台勝科,TWSE,2018,2.08,0.0,2.08
3532,台勝科,TWSE,2019,9.0,0.0,9.0
3532,台勝科,TWSE,2020,3.5,0.0,3.5
3532,台勝科,TWSE,2021,2.15,0.0,2.15
3532,台勝科,TWSE,2022,2.22,0.0,2.22
3532,台勝科,TWSE,2023,7.3,0.0,7.3
3532,台勝科,TWSE,2024,5.0,0.0,5.0
3532,台勝科,TWSE,2025,1.8,0.0,1.8
3532,台勝科,TWSE,2026,1.0,0.0,1.0
6669,緯穎,TWSE,2018,4.0358,2.0179,6.0537
6669,緯穎,TWSE,2019,16.0,0.0,16.0
6669,緯穎,TWSE,2020,22.9988,0.0,22.9988
6669,緯穎,TWSE,2021,32.0,0.0,32.0
6669,緯穎,TWSE,2022,25.0,0.0,25.0
6669,緯穎,TWSE,2023,50.0,0.0,50.0
6669,緯穎,TWSE,2024,42.0,0.0,42.0
6669,緯穎,TWSE,2025,74.0,0.0,74.0
6669,緯穎,TWSE,2026,144.3915,19.8279,164.2195
3711,日月光投控,TWSE,2018,2.4993,0.0,2.4993
3711,日月光投控,TWSE,2019,2.4987,0.0,2.4987
3711,日月光投控,TWSE,2020,1.998,0.0,1.998
3711,日月光投控,TWSE,2021,4.1915,0.0,4.1915
3711,日月光投控,TWSE,2022,6.996,0.0,6.996
3711,日月光投控,TWSE,2023,8.7932,0.0,8.7932
3711,日月光投控,TWSE,2024,5.2023,0.0,5.2023
3711,日月光投控,TWSE,2025,5.2961,0.0,5.2961
3711,日月光投控,TWSE,2026,6.5848,0.0,6.5848
3450,聯鈞,TWSE,2015,4.5,2.0,6.5
3450,聯鈞,TWSE,2016,6.5,2.0,8.5
3450,聯鈞,TWSE,2017,6.5,2.0,8.5
3450,聯鈞,TWSE,2018,3.0,1.0,4.0
3450,聯鈞,TWSE,2019,3.0,0.0,3.0
3450,聯鈞,TWSE,2020,1.0,0.0,1.0
3450,聯鈞,TWSE,2021,1.4,0.0,1.4
3450,聯鈞,TWSE,2022,1.8,0.0,1.8
3450,聯鈞,TWSE,2023,0.5,0.0,0.5
3450,聯鈞,TWSE,2025,0.5,0.0,0.5
3450,聯鈞,TWSE,2026,1.0,0.0,1.0
2881,富邦金,TWSE,2015,3.0,0.0,3.0
2881,富邦金,TWSE,2016,2.0,0.0,2.0
2881,富邦金,TWSE,2017,2.0,0.0,2.0
2881,富邦金,TWSE,2018,2.3,0.0,2.3
2881,富邦金,TWSE,2019,2.0,0.0,2.0
2881,富邦金,TWSE,2020,2.0,0.0,2.0
2881,富邦金,TWSE,2021,3.0,1.0,4.0
2881,富邦金,TWSE,2022,3.5,0.5,4.0
2881,富邦金,TWSE,2023,1.5,0.5,2.0
2881,富邦金,TWSE,2024,2.5,0.5,3.0
2881,富邦金,TWSE,2025,4.25,0.25,4.5
2881,富邦金,TWSE,2026,4.25,0.0,4.25
0050,元大台灣50,TWSE,2015,2.0,0.0,2.0
0050,元大台灣50,TWSE,2016,0.85,0.0,0.85
0050,元大台灣50,TWSE,2017,2.4,0.0,2.4
0050,元大台灣50,TWSE,2018,2.9,0.0,2.9
0050,元大台灣50,TWSE,2019,3.0,0.0,3.0
0050,元大台灣50,TWSE,2020,3.6,0.0,3.6
0050,元大台灣50,TWSE,2021,3.4,0.0,3.4
0050,元大台灣50,TWSE,2022,5.0,0.0,5.0
0050,元大台灣50,TWSE,2023,4.5,0.0,4.5
0050,元大台灣50,TWSE,2024,4.0,0.0,4.0
0050,元大台灣50,TWSE,2025,3.06,0.0,3.06
0050,元大台灣50,TWSE,2026,1.6,0.0,1.6
2382,廣達,TWSE,2015,4.0,0.0,4.0
2382,廣達,TWSE,2016,3.8,0.0,3.8
2382,廣達,TWSE,2017,3.5,0.0,3.5
2382,廣達,TWSE,2018,3.4,0.0,3.4
2382,廣達,TWSE,2019,3.55,0.0,3.55
2382,廣達,TWSE,2020,3.7,0.0,3.7
2382,廣達,TWSE,2021,5.2,0.0,5.2
2382,廣達,TWSE,2022,6.6,0.0,6.6
2382,廣達,TWSE,2023,6.0,0.0,6.0
2382,廣達,TWSE,2024,9.0,0.0,9.0
2382,廣達,TWSE,2025,13.0,0.0,13.0
2382,廣達,TWSE,2026,15.6,0.0,15.6
3653,健策,TWSE,2015,3.8,0.0,3.8
3653,健策,TWSE,2016,2.5,0.0,2.5
3653,健策,TWSE,2017,2.0,0.0,2.0
3653,健策,TWSE,2018,2.0,0.0,2.0
3653,健策,TWSE,2019,3.5275,0.0,3.5275
3653,健策,TWSE,2020,5.0,0.0,5.0
3653,健策,TWSE,2021,6.0008,0.0,6.0008
3653,健策,TWSE,2022,5.9972,0.9996,6.9968
3653,健策,TWSE,2023,11.6604,0.0,11.6604
3653,健策,TWSE,2024,9.8547,0.0,9.8547
3653,健策,TWSE,2025,14.5,0.0,14.5
3653,健策,TWSE,2026,21.7207,0.0,21.7207
8996,高力,TWSE,2015,1.2,1.0,2.2
8996,高力,TWSE,2016,1.5,0.0,1.5
8996,高力,TWSE,2017,3.0,0.0,3.0
8996,高力,TWSE,2018,1.0,0.0,1.0
8996,高力,TWSE,2019,2.0,0.0,2.0
8996,高力,TWSE,2020,2.0,0.0,2.0
8996,高力,TWSE,2021,1.7,0.0,1.7
8996,高力,TWSE,2022,1.5,0.0,1.5
8996,高力,TWSE,2023,1.5,0.0,1.5
8996,高力,TWSE,2024,3.9814,0.0,3.9814
8996,高力,TWSE,2025,4.0217,0.0,4.0217
8996,高力,TWSE,2026,4.5552,0.0,4.5552
2603,長榮,TWSE,2015,0.1,0.1,0.2
2603,長榮,TWSE,2017,0.0,0.0,0.0
2603,長榮,TWSE,2018,0.2,0.5,0.7
2603,長榮,TWSE,2019,0.0,0.0,0.0
2603,長榮,TWSE,2021,2.4866,0.0,2.4866
2603,長榮,TWSE,2022,18.0,0.0,18.0
2603,長榮,TWSE,2023,70.0,0.0,70.0
2603,長榮,TWSE,2024,9.965,0.0,9.965
2603,長榮,TWSE,2025,32.5,0.0,32.5
2603,長榮,TWSE,2026,16.0,0.0,16.0
4958,臻鼎-KY,TWSE,2015,3.6714,0.0,3.6714
4958,臻鼎-KY,TWSE,2016,4.5,0.0,4.5
4958,臻鼎-KY,TWSE,2017,2.2,0.0,2.2
4958,臻鼎-KY,TWSE,2018,3.3,0.0,3.3
4958,臻鼎-KY,TWSE,2019,4.4598,0.0,4.4598
4958,臻鼎-KY,TWSE,2020,4.5,0.0,4.5
4958,臻鼎-KY,TWSE,2021,4.5,0.0,4.5
4958,臻鼎-KY,TWSE,2022,5.0,0.0,5.0
4958,臻鼎-KY,TWSE,2023,6.0,0.0,6.0
4958,臻鼎-KY,TWSE,2024,3.275,0.0,3.275
4958,臻鼎-KY,TWSE,2025,4.8,0.0,4.8
4958,臻鼎-KY,TWSE,2026,3.4217,0.0,3.4217
2345,智邦,TWSE,2015,1.0752,0.0,1.0752
2345,智邦,TWSE,2016,1.963,0.0,1.963
2345,智邦,TWSE,2017,3.0978,0.0,3.0978
2345,智邦,TWSE,2018,4.1311,0.0,4.1311
2345,智邦,TWSE,2019,3.9984,0.0,3.9984
2345,智邦,TWSE,2020,6.1903,0.0,6.1903
2345,智邦,TWSE,2021,6.4956,0.0,6.4956
2345,智邦,TWSE,2022,5.9987,0.0,5.9987
2345,智邦,TWSE,2023,7.4998,0.0,7.4998
2345,智邦,TWSE,2024,9.9956,0.0,9.9956
2345,智邦,TWSE,2025,11.0,0.0,11.0
2345,智邦,TWSE,2026,15.0,0.0,15.0
2360,致茂,TWSE,2015,2.6068,0.0,2.6068
2360,致茂,TWSE,2016,2.3726,0.0,2.3726
2360,致茂,TWSE,2017,3.2209,0.0,3.2209
2360,致茂,TWSE,2018,4.4754,0.0,4.4754
2360,致茂,TWSE,2019,4.1778,0.0,4.1778
2360,致茂,TWSE,2020,3.0065,0.0,3.0065
2360,致茂,TWSE,2021,4.4996,0.0,4.4996
2360,致茂,TWSE,2022,6.9809,0.0,6.9809
2360,致茂,TWSE,2023,8.0006,0.0,8.0006
2360,致茂,TWSE,2024,6.6001,0.0,6.6001
2360,致茂,TWSE,2025,9.0,0.0,9.0
2360,致茂,TWSE,2026,19.5,0.0,19.5
3665,貿聯-KY,TWSE,2015,4.9688,0.4969,5.4657
3665,貿聯-KY,TWSE,2016,5.4049,0.4914,5.8962
3665,貿聯-KY,TWSE,2017,6.3142,0.0,6.3142
3665,貿聯-KY,TWSE,2018,6.8278,0.0,6.8278
3665,貿聯-KY,TWSE,2019,7.5,0.0,7.5
3665,貿聯-KY,TWSE,2020,9.0,0.0,9.0
3665,貿聯-KY,TWSE,2021,8.0249,0.0,8.0249
3665,貿聯-KY,TWSE,2022,9.4496,0.0,9.4496
3665,貿聯-KY,TWSE,2023,9.8857,0.0968,9.9825
3665,貿聯-KY,TWSE,2024,8.7807,0.0,8.7807
3665,貿聯-KY,TWSE,2025,10.5055,0.0988,10.6043
3665,貿聯-KY,TWSE,2026,15.1849,0.0,15.1849
3006,晶豪科,TWSE,2015,2.6546,0.0,2.6546
3006,晶豪科,TWSE,2016,1.1638,0.0,1.1638
3006,晶豪科,TWSE,2017,1.4252,0.0,1.4252
3006,晶豪科,TWSE,2018,2.2412,0.0,2.2412
3006,晶豪科,TWSE,2019,1.5,0.0,1.5
3006,晶豪科,TWSE,2020,1.0,0.0,1.0
3006,晶豪科,TWSE,2021,2.0,0.0,2.0
3006,晶豪科,TWSE,2022,8.0,0.0,8.0
3006,晶豪科,TWSE,2023,1.8,0.0,1.8
3006,晶豪科,TWSE,2024,0.6,0.0,0.6
3006,晶豪科,TWSE,2025,1.0,0.0,1.0
3006,晶豪科,TWSE,2026,1.0,0.0,1.0
2426,鼎元,TWSE,2015,0.9,0.0,0.9
2426,鼎元,TWSE,2016,1.0237,0.0,1.0237
2426,鼎元,TWSE,2017,0.8925,0.0,0.8925
2426,鼎元,TWSE,2018,0.7,0.0,0.7
2426,鼎元,TWSE,2019,1.2,0.0,1.2
2426,鼎元,TWSE,2020,0.3027,0.0,0.3027
2426,鼎元,TWSE,2021,0.75,0.0,0.75
2426,鼎元,TWSE,2022,1.0,0.0,1.0
2426,鼎元,TWSE,2024,0.2,0.0,0.2
2426,鼎元,TWSE,2025,0.1,0.0,0.1
2426,鼎元,TWSE,2026,0.1,0.0,0.1
2368,金像電,TWSE,2021,1.5,0.0,1.5
2368,金像電,TWSE,2022,2.2,0.0,2.2
2368,金像電,TWSE,2023,3.5,0.0,3.5
2368,金像電,TWSE,2024,3.5,0.0,3.5
2368,金像電,TWSE,2025,6.0,0.0,6.0
2368,金像電,TWSE,2026,9.803,0.0,9.803
3026,禾伸堂,TWSE,2015,3.2902,0.0,3.2902
3026,禾伸堂,TWSE,2016,2.5,0.0,2.5
3026,禾伸堂,TWSE,2017,2.5,0.0,2.5
3026,禾伸堂,TWSE,2018,5.3,0.0,5.3
3026,禾伸堂,TWSE,2019,9.0,0.0,9.0
3026,禾伸堂,TWSE,2020,7.0,0.0,7.0
3026,禾伸堂,TWSE,2021,8.0,0.0,8.0
3026,禾伸堂,TWSE,2022,9.0,0.0,9.0
3026,禾伸堂,TWSE,2023,5.0,0.5,5.5
3026,禾伸堂,TWSE,2024,5.0,0.0,5.0
3026,禾伸堂,TWSE,2025,5.5,0.0,5.5
3026,禾伸堂,TWSE,2026,5.8,0.0,5.8
3661,世芯-KY,TWSE,2015,0.6556,0.0,0.6556
3661,世芯-KY,TWSE,2016,0.4737,0.0,0.4737
3661,世芯-KY,TWSE,2018,1.0666,0.0,1.0666
3661,世芯-KY,TWSE,2019,1.5305,0.0,1.5305
3661,世芯-KY,TWSE,2020,3.4509,0.0,3.4509
3661,世芯-KY,TWSE,2021,6.6894,0.0,6.6894
3661,世芯-KY,TWSE,2022,11.354,0.0,11.354
3661,世芯-KY,TWSE,2023,13.0633,0.0,13.0633
3661,世芯-KY,TWSE,2024,22.4202,0.0,22.4202
3661,世芯-KY,TWSE,2025,36.479,0.0,36.479
3661,世芯-KY,TWSE,2026,32.5517,0.0,32.5517
2606,裕民,TWSE,2015,2.2,0.0,2.2
2606,裕民,TWSE,2016,1.0,0.0,1.0
2606,裕民,TWSE,2017,0.75,0.0,0.75
2606,裕民,TWSE,2018,1.2,0.0,1.2
2606,裕民,TWSE,2019,1.8,0.0,1.8
2606,裕民,TWSE,2020,1.9,0.0,1.9
2606,裕民,TWSE,2021,1.2,0.0,1.2
2606,裕民,TWSE,2022,3.0,0.0,3.0
2606,裕民,TWSE,2023,3.0,0.0,3.0
2606,裕民,TWSE,2024,2.4,0.0,2.4
2606,裕民,TWSE,2025,3.2,0.0,3.2
2606,裕民,TWSE,2026,2.8,0.0,2.8
2337,旺宏,TWSE,2018,1.0003,0.2001,1.2003
2337,旺宏,TWSE,2019,1.2001,0.0,1.2001
2337,旺宏,TWSE,2020,1.1894,0.0,1.1894
2337,旺宏,TWSE,2021,1.2001,0.0,1.2001
2337,旺宏,TWSE,2022,1.8001,0.0,1.8001
2337,旺宏,TWSE,2023,1.8,0.0,1.8
2337,旺宏,TWSE,2024,0.5,0.0,0.5
2324,仁寶,TWSE,2015,1.5,0.0,1.5
2324,仁寶,TWSE,2016,1.2005,0.0,1.2005
2324,仁寶,TWSE,2017,1.2001,0.0,1.2001
2324,仁寶,TWSE,2018,1.2,0.0,1.2
2324,仁寶,TWSE,2019,1.2,0.0,1.2
2324,仁寶,TWSE,2020,1.2,0.0,1.2
2324,仁寶,TWSE,2021,1.6,0.0,1.6
2324,仁寶,TWSE,2022,2.0,0.0,2.0
2324,仁寶,TWSE,2023,1.2,0.0,1.2
2324,仁寶,TWSE,2024,1.2,0.0,1.2
2324,仁寶,TWSE,2025,1.4,0.0,1.4
2324,仁寶,TWSE,2026,1.1,0.0,1.1
2313,華通,TWSE,2015,0.6,0.0,0.6
2313,華通,TWSE,2016,1.0,0.0,1.0
2313,華通,TWSE,2017,0.6,0.0,0.6
2313,華通,TWSE,2018,1.2,0.0,1.2
2313,華通,TWSE,2019,0.8,0.0,0.8
2313,華通,TWSE,2020,1.2,0.0,1.2
2313,華通,TWSE,2021,1.5,0.0,1.5
2313,華通,TWSE,2022,1.8,0.0,1.8
2313,華通,TWSE,2023,2.7,0.0,2.7
2313,華通,TWSE,2024,1.5,0.0,1.5
2313,華通,TWSE,2025,2.4,0.0,2.4
2313,華通,TWSE,2026,2.8,0.0,2.8
2637,慧洋-KY,TWSE,2015,2.918,0.0,2.918
2637,慧洋-KY,TWSE,2016,2.4992,0.0,2.4992
2637,慧洋-KY,TWSE,2017,1.0,0.5,1.5
2637,慧洋-KY,TWSE,2018,0.9978,0.0,0.9978
2637,慧洋-KY,TWSE,2019,1.4871,0.0,1.4871
2637,慧洋-KY,TWSE,2020,1.4177,0.2363,1.654
2637,慧洋-KY,TWSE,2021,1.5,0.0,1.5
2637,慧洋-KY,TWSE,2022,5.5,0.0,5.5
2637,慧洋-KY,TWSE,2023,6.5,0.0,6.5
2637,慧洋-KY,TWSE,2024,2.75,0.0,2.75
2637,慧洋-KY,TWSE,2025,5.0,0.0,5.0
2637,慧洋-KY,TWSE,2026,3.5,0.0,3.5
2486,一詮,TWSE,2015,0.7494,0.0,0.7494
2486,一詮,TWSE,2021,0.0,0.0,0.0
2486,一詮,TWSE,2022,0.5,0.0,0.5
2486,一詮,TWSE,2023,0.4,0.0,0.4
2486,一詮,TWSE,2024,0.65,0.0,0.65
2486,一詮,TWSE,2025,0.5043,0.0,0.5043
2486,一詮,TWSE,2026,0.4985,0.0,0.4985
3533,嘉澤,TWSE,2015,5.5,0.0,5.5
3533,嘉澤,TWSE,2016,4.5,0.0,4.5
3533,嘉澤,TWSE,2017,4.0,0.0,4.0
3533,嘉澤,TWSE,2018,5.5,0.0,5.5
3533,嘉澤,TWSE,2019,8.7,0.0,8.7
3533,嘉澤,TWSE,2020,10.5,0.0,10.5
3533,嘉澤,TWSE,2021,13.3,0.0,13.3
3533,嘉澤,TWSE,2022,15.9235,0.0,15.9235
3533,嘉澤,TWSE,2023,25.1826,0.0,25.1826
3533,嘉澤,TWSE,2024,25.7545,0.0,25.7545
3533,嘉澤,TWSE,2025,41.7228,0.0,41.7228
3533,嘉澤,TWSE,2026,34.9344,0.0,34.9344
6442,光聖,TWSE,2015,2.0,0.0,2.0
6442,光聖,TWSE,2016,3.0,0.0,3.0
6442,光聖,TWSE,2017,3.3,0.0,3.3
6442,光聖,TWSE,2018,2.0,0.0,2.0
6442,光聖,TWSE,2019,1.5,0.5,2.0
6442,光聖,TWSE,2020,1.36,0.0,1.36
6442,光聖,TWSE,2021,1.0,0.0,1.0
6442,光聖,TWSE,2022,1.2,0.0,1.2
6442,光聖,TWSE,2023,2.1,0.0,2.1
6442,光聖,TWSE,2024,2.1,0.0,2.1
6442,光聖,TWSE,2025,8.6227,0.0,8.6227
6442,光聖,TWSE,2026,11.2587,0.0,11.2587
3034,聯詠,TWSE,2015,10.0,0.0,10.0
3034,聯詠,TWSE,2016,9.0,0.0,9.0
3034,聯詠,TWSE,2017,7.0,0.0,7.0
3034,聯詠,TWSE,2018,7.1,0.0,7.1
3034,聯詠,TWSE,2019,8.8,0.0,8.8
3034,聯詠,TWSE,2020,10.5,0.0,10.5
3034,聯詠,TWSE,2021,15.6,0.0,15.6
3034,聯詠,TWSE,2022,51.5,0.0,51.5
3034,聯詠,TWSE,2023,37.0,0.0,37.0
3034,聯詠,TWSE,2024,32.0,0.0,32.0
3034,聯詠,TWSE,2025,28.0,0.0,28.0
3034,聯詠,TWSE,2026,23.0,0.0,23.0
2492,華新科,TWSE,2015,0.3022,0.0,0.3022
2492,華新科,TWSE,2016,0.7521,0.0,0.7521
2492,華新科,TWSE,2017,1.2065,0.0,1.2065
2492,華新科,TWSE,2018,4.0187,0.0,4.0187
2492,華新科,TWSE,2019,16.3315,0.0,16.3315
2492,華新科,TWSE,2020,5.5,0.0,5.5
2492,華新科,TWSE,2021,6.0124,0.0,6.0124
2492,華新科,TWSE,2022,4.5093,0.0,4.5093
2492,華新科,TWSE,2023,2.405,0.0,2.405
2492,華新科,TWSE,2024,2.1544,0.0,2.1544
2492,華新科,TWSE,2025,2.405,0.0,2.405
2492,華新科,TWSE,2026,2.5031,0.0,2.5031
2882,國泰金,TWSE,2015,2.0,0.0,2.0
2882,國泰金,TWSE,2016,2.0,0.0,2.0
2882,國泰金,TWSE,2017,2.0,0.0,2.0
2882,國泰金,TWSE,2018,2.5,0.0,2.5
2882,國泰金,TWSE,2019,1.5,0.0,1.5
2882,國泰金,TWSE,2020,2.0,0.0,2.0
2882,國泰金,TWSE,2021,2.5,0.0,2.5
2882,國泰金,TWSE,2022,3.5,0.0,3.5
2882,國泰金,TWSE,2023,0.9,0.0,0.9
2882,國泰金,TWSE,2024,2.0,0.0,2.0
2882,國泰金,TWSE,2025,3.5,0.0,3.5
2882,國泰金,TWSE,2026,3.5,0.0,3.5
7769,鴻勁,TWSE,2025,22.5038,0.0,22.5038
7769,鴻勁,TWSE,2026,64.9902,0.0,64.9902
3167,大量,TWSE,2015,1.5,1.0,2.5
3167,大量,TWSE,2016,1.5,0.0,1.5
3167,大量,TWSE,2017,1.5,0.0,1.5
3167,大量,TWSE,2018,2.5,0.0,2.5
3167,大量,TWSE,2019,3.5,0.0,3.5
3167,大量,TWSE,2020,2.0,0.0,2.0
3167,大量,TWSE,2021,3.0,0.0,3.0
3167,大量,TWSE,2022,4.0,0.0,4.0
3167,大量,TWSE,2023,2.0,0.3,2.3
3167,大量,TWSE,2024,0.5,0.0,0.5
3167,大量,TWSE,2025,0.9988,0.0,0.9988
3167,大量,TWSE,2026,3.9148,0.0,3.9148
2489,瑞軒,TWSE,2015,1.6,0.0,1.6
2489,瑞軒,TWSE,2016,1.8,0.0,1.8
2489,瑞軒,TWSE,2017,1.7,0.0,1.7
2489,瑞軒,TWSE,2021,0.14,0.0,0.14
2489,瑞軒,TWSE,2022,0.75,0.5,1.25
2489,瑞軒,TWSE,2024,0.59,0.0,0.59
2489,瑞軒,TWSE,2025,0.5,0.0,0.5
2489,瑞軒,TWSE,2026,1.2,0.0,1.2
2464,盟立,TWSE,2015,1.1,0.5,1.6
2464,盟立,TWSE,2016,2.3,0.0,2.3
2464,盟立,TWSE,2017,1.8,0.2,2.0
2464,盟立,TWSE,2018,1.5,0.0,1.5
2464,盟立,TWSE,2019,3.3,0.0,3.3
2464,盟立,TWSE,2020,2.5,0.0,2.5
2464,盟立,TWSE,2021,2.0,0.0,2.0
2464,盟立,TWSE,2022,2.2,0.0,2.2
2464,盟立,TWSE,2023,1.8,0.0,1.8
2464,盟立,TWSE,2024,0.5,0.0,0.5
2464,盟立,TWSE,2025,0.35,0.0,0.35
2464,盟立,TWSE,2026,0.4714,0.0,0.4714
2449,京元電子,TWSE,2015,1.8,0.0,1.8
2449,京元電子,TWSE,2016,1.2,0.0,1.2
2449,京元電子,TWSE,2017,1.7961,0.0,1.7961
2449,京元電子,TWSE,2018,1.7978,0.0,1.7978
2449,京元電子,TWSE,2019,1.35,0.0,1.35
2449,京元電子,TWSE,2020,1.8,0.0,1.8
2449,京元電子,TWSE,2021,2.0,0.0,2.0
2449,京元電子,TWSE,2022,3.0,0.0,3.0
2449,京元電子,TWSE,2023,3.5,0.0,3.5
2449,京元電子,TWSE,2024,3.2,0.0,3.2
2449,京元電子,TWSE,2025,4.0,0.0,4.0
2449,京元電子,TWSE,2026,1.0,0.5,1.5
2409,友達,TWSE,2015,0.5,0.0,0.5
2409,友達,TWSE,2016,0.35,0.0,0.35
2409,友達,TWSE,2017,0.56,0.0,0.56
2409,友達,TWSE,2018,1.5,0.0,1.5
2409,友達,TWSE,2019,0.5,0.0,0.5
2409,友達,TWSE,2021,0.3,0.0,0.3
2409,友達,TWSE,2022,1.0,0.0,1.0
2409,友達,TWSE,2023,0.8,0.0,0.8
2409,友達,TWSE,2024,0.9,0.0,0.9
2409,友達,TWSE,2025,0.3048,0.0,0.3048
2409,友達,TWSE,2026,0.4,0.0,0.4
6531,愛普*,TWSE,2015,5.9813,8.972,14.9533
6531,愛普*,TWSE,2016,4.4872,0.0,4.4872
6531,愛普*,TWSE,2017,1.9964,0.0,1.9964
6531,愛普*,TWSE,2018,1.4914,0.4971,1.9885
6531,愛普*,TWSE,2019,0.5102,0.0,0.5102
6531,愛普*,TWSE,2020,0.9974,0.0,0.9974
6531,愛普*,TWSE,2021,4.9995,0.0,4.9995
6531,愛普*,TWSE,2022,5.9963,0.0,5.9963
6531,愛普*,TWSE,2023,6.9966,0.0,6.9966
6531,愛普*,TWSE,2024,6.9977,0.0,6.9977
6531,愛普*,TWSE,2025,6.9936,0.0,6.9936
6531,愛普*,TWSE,2026,6.9856,0.0,6.9856
2451,創見,TWSE,2015,7.8,0.0,7.8
2451,創見,TWSE,2016,6.8,0.0,6.8
2451,創見,TWSE,2017,6.0,0.0,6.0
2451,創見,TWSE,2018,6.0,0.0,6.0
2451,創見,TWSE,2019,5.0,0.0,5.0
2451,創見,TWSE,2020,4.5,0.0,4.5
2451,創見,TWSE,2021,3.05,0.0,3.05
2451,創見,TWSE,2022,6.0,0.0,6.0
2451,創見,TWSE,2023,5.6,0.0,5.6
2451,創見,TWSE,2024,4.9906,0.0,4.9906
2451,創見,TWSE,2025,6.0879,0.0,6.0879
2451,創見,TWSE,2026,11.7824,0.0,11.7824
6805,富世達,TWSE,2021,0.4225,3.3803,3.8028
6805,富世達,TWSE,2022,4.5,0.0,4.5
6805,富世達,TWSE,2023,4.0,0.0,4.0
6805,富世達,TWSE,2024,5.5,0.0,5.5
6805,富世達,TWSE,2025,8.0,0.0,8.0
6805,富世達,TWSE,2026,12.5,0.0,12.5
6239,力成,TWSE,2015,3.0,0.0,3.0
6239,力成,TWSE,2016,3.5,0.0,3.5
6239,力成,TWSE,2017,4.0,0.0,4.0
6239,力成,TWSE,2018,4.5,0.0,4.5
6239,力成,TWSE,2019,4.8,0.0,4.8
6239,力成,TWSE,2020,4.5,0.0,4.5
6239,力成,TWSE,2021,5.0,0.0,5.0
6239,力成,TWSE,2022,6.8,0.0,6.8
6239,力成,TWSE,2023,7.0,0.0,7.0
6239,力成,TWSE,2024,7.0,0.0,7.0
6239,力成,TWSE,2025,7.0,0.0,7.0
6239,力成,TWSE,2026,4.5,0.0,4.5
6226,光鼎,TWSE,2015,0.1015,0.1522,0.2537
6226,光鼎,TWSE,2017,0.1,0.1,0.2
6226,光鼎,TWSE,2018,0.12,0.0,0.12
6226,光鼎,TWSE,2019,0.12,0.0,0.12
6226,光鼎,TWSE,2020,0.4039,0.0,0.4039
6226,光鼎,TWSE,2022,0.12,0.0,0.12
2357,華碩,TWSE,2015,17.0,0.0,17.0
2357,華碩,TWSE,2016,15.0,0.0,15.0
2357,華碩,TWSE,2017,17.0,0.0,17.0
2357,華碩,TWSE,2018,15.0,0.0,15.0
2357,華碩,TWSE,2019,15.0,0.0,15.0
2357,華碩,TWSE,2020,14.0,0.0,14.0
2357,華碩,TWSE,2021,26.0,0.0,26.0
2357,華碩,TWSE,2022,42.0,0.0,42.0
2357,華碩,TWSE,2023,15.0,0.0,15.0
2357,華碩,TWSE,2024,17.0,0.0,17.0
2357,華碩,TWSE,2025,34.0,0.0,34.0
2357,華碩,TWSE,2026,42.0,0.0,42.0
2605,新興,TWSE,2015,1.0,0.0,1.0
2605,新興,TWSE,2016,1.0,0.0,1.0
2605,新興,TWSE,2017,0.7,0.0,0.7
2605,新興,TWSE,2018,0.6,0.0,0.6
2605,新興,TWSE,2019,0.2,0.3,0.5
2605,新興,TWSE,2020,0.5,0.0,0.5
2605,新興,TWSE,2021,0.5,0.0,0.5
2605,新興,TWSE,2022,1.0,0.0,1.0
2605,新興,TWSE,2023,0.5,0.0,0.5
2605,新興,TWSE,2024,0.75,0.0,0.75
2605,新興,TWSE,2025,1.3,0.0,1.3
2605,新興,TWSE,2026,1.0,0.0,1.0
3605,宏致,TWSE,2015,1.2,0.0,1.2
3605,宏致,TWSE,2016,0.4,0.0,0.4
3605,宏致,TWSE,2017,0.6,0.0,0.6
3605,宏致,TWSE,2018,0.4,0.0,0.4
3605,宏致,TWSE,2019,0.7,0.0,0.7
3605,宏致,TWSE,2020,0.75,0.0,0.75
3605,宏致,TWSE,2021,0.7,0.0,0.7
3605,宏致,TWSE,2022,1.4998,0.0,1.4998
3605,宏致,TWSE,2023,0.55,0.0,0.55
3605,宏致,TWSE,2025,0.7209,0.0,0.7209
3605,宏致,TWSE,2026,1.572,0.0,1.572
2455,全新,TWSE,2015,2.0,0.0,2.0
2455,全新,TWSE,2016,2.1765,0.0,2.1765
2455,全新,TWSE,2017,2.5308,0.0,2.5308
2455,全新,TWSE,2018,2.5,0.0,2.5
2455,全新,TWSE,2019,2.5,0.0,2.5
2455,全新,TWSE,2020,2.5,0.0,2.5
2455,全新,TWSE,2021,2.59,0.0,2.59
2455,全新,TWSE,2022,4.0,0.0,4.0
2455,全新,TWSE,2023,2.3,0.0,2.3
2455,全新,TWSE,2024,2.2,0.0,2.2
2455,全新,TWSE,2025,3.2176,0.0,3.2176
2455,全新,TWSE,2026,2.6206,0.0,2.6206
8150,南茂,TWSE,2015,2.22,0.0,2.22
8150,南茂,TWSE,2016,2.0922,0.0,2.0922
8150,南茂,TWSE,2017,1.0005,0.0,1.0005
8150,南茂,TWSE,2018,0.3001,0.0,0.3001
8150,南茂,TWSE,2019,1.2,0.0,1.2
8150,南茂,TWSE,2020,1.8,0.0,1.8
8150,南茂,TWSE,2021,2.2,0.0,2.2
8150,南茂,TWSE,2022,4.3,0.0,4.3
8150,南茂,TWSE,2023,2.3,0.0,2.3
8150,南茂,TWSE,2024,1.8,0.0,1.8
8150,南茂,TWSE,2025,1.23,0.0,1.23
8150,南茂,TWSE,2026,1.23,0.0,1.23
6830,汎銓,TWSE,2021,2.5,0.0,2.5
6830,汎銓,TWSE,2022,4.5,0.0,4.5
6830,汎銓,TWSE,2023,5.5,0.0,5.5
6830,汎銓,TWSE,2024,4.5,0.0,4.5
6830,汎銓,TWSE,2025,1.0,0.0,1.0
6830,汎銓,TWSE,2026,1.0,0.0,1.0
3406,玉晶光,TWSE,2018,3.5,0.0,3.5
3406,玉晶光,TWSE,2019,3.4954,0.0,3.4954
3406,玉晶光,TWSE,2020,8.991,0.0,8.991
3406,玉晶光,TWSE,2021,9.9907,0.0,9.9907
3406,玉晶光,TWSE,2022,7.9943,0.0,7.9943
3406,玉晶光,TWSE,2023,12.0,0.0,12.0
3406,玉晶光,TWSE,2024,12.0,0.0,12.0
3406,玉晶光,TWSE,2025,18.0,0.0,18.0
3406,玉晶光,TWSE,2026,17.0,0.0,17.0
8021,尖點,TWSE,2015,1.2226,0.0,1.2226
8021,尖點,TWSE,2016,1.3628,0.0,1.3628
8021,尖點,TWSE,2017,0.9114,0.0,0.9114
8021,尖點,TWSE,2018,0.4,0.0,0.4
8021,尖點,TWSE,2019,1.2,0.0,1.2
8021,尖點,TWSE,2020,1.2,0.0,1.2
8021,尖點,TWSE,2021,1.58,0.0,1.58
8021,尖點,TWSE,2022,2.3,0.0,2.3
8021,尖點,TWSE,2023,2.0,0.0,2.0
8021,尖點,TWSE,2024,0.8,0.0,0.8
8021,尖點,TWSE,2025,1.2069,0.0,1.2069
8021,尖點,TWSE,2026,1.9722,0.0,1.9722
6472,保瑞,TWSE,2015,0.5,0.0,0.5
6472,保瑞,TWSE,2016,0.602,0.4013,1.0033
6472,保瑞,TWSE,2017,0.8,0.0,0.8
6472,保瑞,TWSE,2018,0.4995,0.0,0.4995
6472,保瑞,TWSE,2019,3.0,2.9993,5.9993
6472,保瑞,TWSE,2020,2.0,3.0,5.0
6472,保瑞,TWSE,2021,2.0,2.465,4.465
6472,保瑞,TWSE,2022,3.5,1.0043,4.5043
6472,保瑞,TWSE,2023,8.0,2.989,10.989
6472,保瑞,TWSE,2024,12.0,0.0,12.0
6472,保瑞,TWSE,2025,14.0,1.9979,15.9979
6472,保瑞,TWSE,2026,10.0,0.0,10.0
2395,研華,TWSE,2015,5.9957,0.0,5.9957
2395,研華,TWSE,2016,6.0,0.0,6.0
2395,研華,TWSE,2017,6.2977,0.9996,7.2973
2395,研華,TWSE,2018,6.5952,0.0,6.5952
2395,研華,TWSE,2019,6.7957,0.0,6.7957
2395,研華,TWSE,2020,7.7893,0.9986,8.788
2395,研華,TWSE,2021,7.0928,0.0,7.0928
2395,研華,TWSE,2022,7.9804,0.0,7.9804
2395,研華,TWSE,2023,9.9877,0.9988,10.9865
2395,研華,TWSE,2024,9.4481,0.0,9.4481
2395,研華,TWSE,2025,8.3924,0.0,8.3924
2395,研華,TWSE,2026,11.1586,0.0,11.1586
6515,穎崴,TWSE,2020,12.0,0.0,12.0
6515,穎崴,TWSE,2021,12.9835,0.0,12.9835
6515,穎崴,TWSE,2022,10.9791,0.0,10.9791
6515,穎崴,TWSE,2023,22.0,0.0,22.0
6515,穎崴,TWSE,2024,11.0,0.0,11.0
6515,穎崴,TWSE,2025,24.9997,0.0,24.9997
6515,穎崴,TWSE,2026,49.4375,0.0,49.4375
2891,中信金,TWSE,2015,0.81,0.81,1.62
2891,中信金,TWSE,2016,0.81,0.8,1.61
2891,中信金,TWSE,2017,1.0,0.0,1.0
2891,中信金,TWSE,2018,1.08,0.0,1.08
2891,中信金,TWSE,2019,1.0,0.0,1.0
2891,中信金,TWSE,2020,1.0,0.0,1.0
2891,中信金,TWSE,2021,1.05,0.0,1.05
2891,中信金,TWSE,2022,1.25,0.0,1.25
2891,中信金,TWSE,2023,1.0,0.0,1.0
2891,中信金,TWSE,2024,1.8001,0.0,1.8001
2891,中信金,TWSE,2025,2.3004,0.0,2.3004
2891,中信金,TWSE,2026,2.5002,0.0,2.5002
2484,希華,TWSE,2015,1.0,0.0,1.0
2484,希華,TWSE,2016,1.2,0.0,1.2
2484,希華,TWSE,2017,1.2,0.0,1.2
2484,希華,TWSE,2018,1.0,0.0,1.0
2484,希華,TWSE,2019,1.45,0.0,1.45
2484,希華,TWSE,2020,0.95,0.0,0.95
2484,希華,TWSE,2021,1.0,0.0,1.0
2484,希華,TWSE,2022,1.5,0.0,1.5
2484,希華,TWSE,2023,2.2,0.0,2.2
2484,希華,TWSE,2024,1.5,0.0,1.5
2484,希華,TWSE,2025,0.7,0.0,0.7
2484,希華,TWSE,2026,0.7,0.0,0.7
2634,漢翔,TWSE,2015,0.92,0.0,0.92
2634,漢翔,TWSE,2016,1.36,0.0,1.36
2634,漢翔,TWSE,2017,1.0,0.37,1.37
2634,漢翔,TWSE,2018,1.13,0.0,1.13
2634,漢翔,TWSE,2019,1.34,0.0,1.34
2634,漢翔,TWSE,2020,1.19,0.0,1.19
2634,漢翔,TWSE,2021,0.2,0.0,0.2
2634,漢翔,TWSE,2022,0.35,0.0,0.35
2634,漢翔,TWSE,2023,1.08,0.0,1.08
2634,漢翔,TWSE,2024,1.42,0.0,1.42
2634,漢翔,TWSE,2025,1.38,0.0,1.38
2634,漢翔,TWSE,2026,0.778,0.0,0.778
2884,玉山金,TWSE,2015,0.4347,0.8694,1.304
2884,玉山金,TWSE,2016,0.43,1.0,1.43
2884,玉山金,TWSE,2017,0.4908,0.7408,1.2316
2884,玉山金,TWSE,2018,0.6126,0.6126,1.2252
2884,玉山金,TWSE,2019,0.71,0.711,1.421
2884,玉山金,TWSE,2020,0.7911,0.7969,1.588
2884,玉山金,TWSE,2021,0.61,0.6111,1.2211
2884,玉山金,TWSE,2022,0.67,0.6739,1.3439
2884,玉山金,TWSE,2023,0.1894,0.3788,0.5682
2884,玉山金,TWSE,2024,1.2,0.2003,1.4003
2884,玉山金,TWSE,2025,1.2,0.1002,1.3002
2884,玉山金,TWSE,2026,1.4,0.0,1.4
3036,文曄,TWSE,2015,3.0,1.0,4.0
3036,文曄,TWSE,2016,2.9,0.5,3.4
3036,文曄,TWSE,2017,2.4,0.0,2.4
3036,文曄,TWSE,2018,2.5,0.0,2.5
3036,文曄,TWSE,2019,2.3511,0.0,2.3511
3036,文曄,TWSE,2020,0.0,0.0,0.0
3036,文曄,TWSE,2021,3.2027,0.0,3.2027
3036,文曄,TWSE,2022,5.0149,0.0,5.0149
3036,文曄,TWSE,2023,4.2979,0.0,4.2979
3036,文曄,TWSE,2024,1.7992,0.0,1.7992
3036,文曄,TWSE,2025,5.998,0.0,5.998
3036,文曄,TWSE,2026,7.795,0.0,7.795
8210,勤誠,TWSE,2015,3.0,0.0,3.0
8210,勤誠,TWSE,2016,2.6,0.0,2.6
8210,勤誠,TWSE,2017,3.0,0.0,3.0
8210,勤誠,TWSE,2018,3.0,0.0,3.0
8210,勤誠,TWSE,2019,4.0,0.0,4.0
8210,勤誠,TWSE,2020,4.6,0.0,4.6
8210,勤誠,TWSE,2021,4.0017,0.0,4.0017
8210,勤誠,TWSE,2022,3.001,0.0,3.001
8210,勤誠,TWSE,2023,4.0008,0.0,4.0008
8210,勤誠,TWSE,2024,5.0,0.0,5.0
8210,勤誠,TWSE,2025,7.4944,0.0,7.4944
8210,勤誠,TWSE,2026,14.0,0.0,14.0
2379,瑞昱,TWSE,2015,6.0,0.0,6.0
2379,瑞昱,TWSE,2016,4.0,0.0,4.0
2379,瑞昱,TWSE,2017,5.0,0.0,5.0
2379,瑞昱,TWSE,2018,5.5,0.0,5.5
2379,瑞昱,TWSE,2019,7.0,0.0,7.0
2379,瑞昱,TWSE,2020,11.0,0.0,11.0
2379,瑞昱,TWSE,2021,14.0,0.0,14.0
2379,瑞昱,TWSE,2022,27.0,0.0,27.0
2379,瑞昱,TWSE,2023,27.0,0.0,27.0
2379,瑞昱,TWSE,2024,15.5,0.0,15.5
2379,瑞昱,TWSE,2025,25.5,0.0,25.5
2379,瑞昱,TWSE,2026,25.0,0.0,25.0
6949,沛爾生醫-創,TWSE,2025,0.0,0.0,0.0
4967,十銓,TWSE,2015,0.5,0.0,0.5
4967,十銓,TWSE,2018,1.0,1.0,2.0
4967,十銓,TWSE,2019,2.0,0.0,2.0
4967,十銓,TWSE,2020,0.9283,0.0,0.9283
4967,十銓,TWSE,2021,0.8615,0.0,0.8615
4967,十銓,TWSE,2023,1.0,0.0,1.0
4967,十銓,TWSE,2024,1.6513,0.0,1.6513
4967,十銓,TWSE,2025,3.0,0.0,3.0
4967,十銓,TWSE,2026,8.6199,0.0,8.6199
3042,晶技,TWSE,2015,2.5,0.0,2.5
3042,晶技,TWSE,2016,2.5,0.0,2.5
3042,晶技,TWSE,2017,2.8,0.0,2.8
3042,晶技,TWSE,2018,2.5,0.0,2.5
3042,晶技,TWSE,2019,2.0,0.0,2.0
3042,晶技,TWSE,2020,2.5,0.0,2.5
3042,晶技,TWSE,2021,3.8,0.0,3.8
3042,晶技,TWSE,2022,7.5,0.0,7.5
3042,晶技,TWSE,2023,7.0,0.0,7.0
3042,晶技,TWSE,2024,4.4999,0.0,4.4999
3042,晶技,TWSE,2025,5.2,0.0,5.2
3042,晶技,TWSE,2026,4.8,0.0,4.8
6139,亞翔,TWSE,2015,0.8,0.0,0.8
6139,亞翔,TWSE,2016,0.8845,0.0,0.8845
6139,亞翔,TWSE,2017,1.4305,0.0,1.4305
6139,亞翔,TWSE,2018,1.5,0.0,1.5
6139,亞翔,TWSE,2019,1.5,0.0,1.5
6139,亞翔,TWSE,2020,1.5,0.0,1.5
6139,亞翔,TWSE,2021,1.0,0.0,1.0
6139,亞翔,TWSE,2022,1.5,0.0,1.5
6139,亞翔,TWSE,2023,3.5,0.0,3.5
6139,亞翔,TWSE,2024,8.9821,0.0,8.9821
6139,亞翔,TWSE,2025,13.8852,0.0,13.8852
6139,亞翔,TWSE,2026,22.9962,0.0,22.9962
2883,凱基金,TWSE,2015,0.6,0.0,0.6
2883,凱基金,TWSE,2016,0.5,0.0,0.5
2883,凱基金,TWSE,2017,0.5,0.0,0.5
2883,凱基金,TWSE,2018,0.6,0.0,0.6
2883,凱基金,TWSE,2019,0.3,0.0,0.3
2883,凱基金,TWSE,2020,0.6,0.0,0.6
2883,凱基金,TWSE,2021,0.5497,0.0,0.5497
2883,凱基金,TWSE,2022,1.0001,0.0,1.0001
2883,凱基金,TWSE,2024,0.5006,0.0,0.5006
2883,凱基金,TWSE,2025,0.85,0.1,0.95
2883,凱基金,TWSE,2026,1.0,0.0,1.0
1802,台玻,TWSE,2015,0.0,0.0,0.0
1802,台玻,TWSE,2016,0.0,0.0,0.0
1802,台玻,TWSE,2018,0.5,0.0,0.5
1802,台玻,TWSE,2019,0.3,0.0,0.3
1802,台玻,TWSE,2021,0.5,0.0,0.5
1802,台玻,TWSE,2022,1.82,0.0,1.82
6451,訊芯-KY,TWSE,2015,7.5,0.0,7.5
6451,訊芯-KY,TWSE,2016,6.0,0.0,6.0
6451,訊芯-KY,TWSE,2017,5.4,0.0,5.4
6451,訊芯-KY,TWSE,2018,0.94,0.0,0.94
6451,訊芯-KY,TWSE,2019,2.3332,0.0,2.3332
6451,訊芯-KY,TWSE,2020,3.6691,0.0,3.6691
6451,訊芯-KY,TWSE,2021,4.0963,0.0,4.0963
6451,訊芯-KY,TWSE,2022,2.56,0.0,2.56
6451,訊芯-KY,TWSE,2023,1.1696,0.0,1.1696
6451,訊芯-KY,TWSE,2024,2.46,0.0,2.46
6451,訊芯-KY,TWSE,2025,0.36,0.0,0.36
6451,訊芯-KY,TWSE,2026,0.2177,0.0,0.2177
2887,台新新光金,TWSE,2015,0.1,0.0,0.1
2887,台新新光金,TWSE,2016,0.4824,0.7236,1.206
2887,台新新光金,TWSE,2017,0.5251,0.4297,0.9548
2887,台新新光金,TWSE,2018,0.5419,0.4434,0.9853
2887,台新新光金,TWSE,2019,0.5084,0.208,0.7163
2887,台新新光金,TWSE,2020,0.5655,0.2313,0.7969
2887,台新新光金,TWSE,2021,0.5552,0.4543,1.0095
2887,台新新光金,TWSE,2022,0.605,0.495,1.1
2887,台新新光金,TWSE,2023,0.51,0.42,0.93
2887,台新新光金,TWSE,2024,0.6,0.4,1.0
2887,台新新光金,TWSE,2025,0.9,0.0,0.9
2887,台新新光金,TWSE,2026,1.0,0.1,1.1
2886,兆豐金,TWSE,2015,1.4,0.0,1.4
2886,兆豐金,TWSE,2016,1.5,0.0,1.5
2886,兆豐金,TWSE,2017,1.42,0.0,1.42
2886,兆豐金,TWSE,2018,1.5,0.0,1.5
2886,兆豐金,TWSE,2019,1.7,0.0,1.7
2886,兆豐金,TWSE,2020,1.7,0.0,1.7
2886,兆豐金,TWSE,2021,1.58,0.0,1.58
2886,兆豐金,TWSE,2022,1.4,0.25,1.65
2886,兆豐金,TWSE,2023,1.24,0.08,1.32
2886,兆豐金,TWSE,2024,1.5,0.3,1.8
2886,兆豐金,TWSE,2025,1.6,0.0,1.6
2886,兆豐金,TWSE,2026,1.75,0.0,1.75
1301,台塑,TWSE,2015,1.7,0.0,1.7
1301,台塑,TWSE,2016,3.6,0.0,3.6
1301,台塑,TWSE,2017,4.6,0.0,4.6
1301,台塑,TWSE,2018,5.7,0.0,5.7
1301,台塑,TWSE,2019,5.8,0.0,5.8
1301,台塑,TWSE,2020,4.4,0.0,4.4
1301,台塑,TWSE,2021,2.4,0.0,2.4
1301,台塑,TWSE,2022,8.2,0.0,8.2
1301,台塑,TWSE,2023,4.2,0.0,4.2
1301,台塑,TWSE,2024,1.0,0.0,1.0
1301,台塑,TWSE,2025,0.5,0.0,0.5
1301,台塑,TWSE,2026,0.5,0.0,0.5
2376,技嘉,TWSE,2015,2.6998,0.0,2.6998
2376,技嘉,TWSE,2016,2.5,0.0,2.5
2376,技嘉,TWSE,2017,2.5996,0.0,2.5996
2376,技嘉,TWSE,2018,4.0,0.0,4.0
2376,技嘉,TWSE,2019,3.0,0.0,3.0
2376,技嘉,TWSE,2020,2.2,0.0,2.2
2376,技嘉,TWSE,2021,5.0,0.0,5.0
2376,技嘉,TWSE,2022,12.0,0.0,12.0
2376,技嘉,TWSE,2023,6.2,0.0,6.2
2376,技嘉,TWSE,2024,6.3579,0.0,6.3579
2376,技嘉,TWSE,2025,10.0,0.0,10.0
2376,技嘉,TWSE,2026,12.0,0.0,12.0
8103,瀚荃,TWSE,2015,2.9349,0.0,2.9349
8103,瀚荃,TWSE,2016,0.3,0.4,0.7
8103,瀚荃,TWSE,2017,1.8,0.0,1.8
8103,瀚荃,TWSE,2018,1.0,0.0,1.0
8103,瀚荃,TWSE,2019,1.0,0.0,1.0
8103,瀚荃,TWSE,2020,1.031,0.0,1.031
8103,瀚荃,TWSE,2021,1.4,0.0,1.4
8103,瀚荃,TWSE,2022,2.0,0.0,2.0
8103,瀚荃,TWSE,2023,2.0,0.0,2.0
8103,瀚荃,TWSE,2024,1.2312,0.0,1.2312
8103,瀚荃,TWSE,2025,2.862,0.0,2.862
8103,瀚荃,TWSE,2026,2.8,0.0,2.8
0056,元大高股息,TWSE,2015,1.0,0.0,1.0
0056,元大高股息,TWSE,2016,1.3,0.0,1.3
0056,元大高股息,TWSE,2017,0.95,0.0,0.95
0056,元大高股息,TWSE,2018,1.45,0.0,1.45
0056,元大高股息,TWSE,2019,1.8,0.0,1.8
0056,元大高股息,TWSE,2020,1.6,0.0,1.6
0056,元大高股息,TWSE,2021,1.8,0.0,1.8
0056,元大高股息,TWSE,2022,2.1,0.0,2.1
0056,元大高股息,TWSE,2023,2.2,0.0,2.2
0056,元大高股息,TWSE,2024,3.63,0.0,3.63
0056,元大高股息,TWSE,2025,2.802,0.0,2.802
0056,元大高股息,TWSE,2026,3.216,0.0,3.216
2481,強茂,TWSE,2015,0.1975,0.0,0.1975
2481,強茂,TWSE,2016,0.896,0.0,0.896
2481,強茂,TWSE,2017,1.0,0.0,1.0
2481,強茂,TWSE,2019,0.5,0.0,0.5
2481,強茂,TWSE,2020,1.0522,0.0,1.0522
2481,強茂,TWSE,2021,1.5,0.0,1.5
2481,強茂,TWSE,2022,3.0,0.0,3.0
2481,強茂,TWSE,2023,3.0,0.0,3.0
2481,強茂,TWSE,2024,1.2,0.0,1.2
2481,強茂,TWSE,2025,1.4,0.0,1.4
2481,強茂,TWSE,2026,1.8,0.0,1.8
3702,大聯大,TWSE,2015,2.5,0.0,2.5
3702,大聯大,TWSE,2016,2.4,0.0,2.4
3702,大聯大,TWSE,2017,2.2894,0.0,2.2894
3702,大聯大,TWSE,2018,2.4,0.0,2.4
3702,大聯大,TWSE,2019,0.0,0.0,0.0
3702,大聯大,TWSE,2020,2.4,0.0,2.4
3702,大聯大,TWSE,2021,3.1,0.0,3.1
3702,大聯大,TWSE,2022,3.5,0.0,3.5
3702,大聯大,TWSE,2023,3.85,0.0,3.85
3702,大聯大,TWSE,2024,3.5,0.0,3.5
3702,大聯大,TWSE,2025,3.2,0.0,3.2
3702,大聯大,TWSE,2026,3.6432,0.0,3.6432
5608,四維航,TWSE,2015,0.5099,0.4999,1.0099
5608,四維航,TWSE,2021,0.0,0.0,0.0
5608,四維航,TWSE,2022,2.0,0.0,2.0
5608,四維航,TWSE,2023,1.5,0.0,1.5
2351,順德,TWSE,2015,2.2005,0.0,2.2005
2351,順德,TWSE,2016,2.0,0.0,2.0
2351,順德,TWSE,2017,2.5,0.0,2.5
2351,順德,TWSE,2018,2.5,0.0,2.5
2351,順德,TWSE,2019,2.8,0.0,2.8
2351,順德,TWSE,2020,1.8,0.0,1.8
2351,順德,TWSE,2021,1.8,0.0,1.8
2351,順德,TWSE,2022,3.0,0.0,3.0
2351,順德,TWSE,2023,3.2,0.0,3.2
2351,順德,TWSE,2024,2.6,0.0,2.6
2351,順德,TWSE,2025,2.5,0.0,2.5
2351,順德,TWSE,2026,1.0288,0.0,1.0288
1216,統一,TWSE,2015,1.4,0.4,1.8
1216,統一,TWSE,2016,2.0,0.0,2.0
1216,統一,TWSE,2017,2.1,0.0,2.1
1216,統一,TWSE,2018,5.5,0.0,5.5
1216,統一,TWSE,2019,2.5,0.0,2.5
1216,統一,TWSE,2020,2.5,0.0,2.5
1216,統一,TWSE,2021,2.7,0.0,2.7
1216,統一,TWSE,2022,2.7,0.0,2.7
1216,統一,TWSE,2023,3.15,0.0,3.15
1216,統一,TWSE,2024,3.0,0.0,3.0
1216,統一,TWSE,2025,3.0,0.0,3.0
1216,統一,TWSE,2026,3.0,0.0,3.0
8271,宇瞻,TWSE,2015,2.2,0.0,2.2
8271,宇瞻,TWSE,2016,2.0133,0.0,2.0133
8271,宇瞻,TWSE,2017,2.4,0.0,2.4
8271,宇瞻,TWSE,2018,2.6,0.0,2.6
8271,宇瞻,TWSE,2019,2.5,0.0,2.5
8271,宇瞻,TWSE,2020,2.55,0.0,2.55
8271,宇瞻,TWSE,2021,2.02,0.0,2.02
8271,宇瞻,TWSE,2022,2.89,0.0,2.89
8271,宇瞻,TWSE,2023,3.3,0.0,3.3
8271,宇瞻,TWSE,2024,3.15,0.0,3.15
8271,宇瞻,TWSE,2025,2.2103,0.0,2.2103
8271,宇瞻,TWSE,2026,4.4484,0.0,4.4484
2885,元大金,TWSE,2015,0.6178,0.2623,0.8801
2885,元大金,TWSE,2016,0.361,0.0,0.361
2885,元大金,TWSE,2017,0.4478,0.0,0.4478
2885,元大金,TWSE,2018,0.5563,0.0,0.5563
2885,元大金,TWSE,2019,0.9,0.0,0.9
2885,元大金,TWSE,2020,0.65,0.4,1.05
2885,元大金,TWSE,2021,1.2,0.0,1.2
2885,元大金,TWSE,2022,1.5,0.3,1.8
2885,元大金,TWSE,2023,0.8,0.15,0.95
2885,元大金,TWSE,2024,1.1,0.2,1.3
2885,元大金,TWSE,2025,1.55,0.3,1.85
2885,元大金,TWSE,2026,1.8,0.4,2.2
3045,台灣大,TWSE,2015,5.6,0.0,5.6
3045,台灣大,TWSE,2016,5.6,0.0,5.6
3045,台灣大,TWSE,2017,5.6,0.0,5.6
3045,台灣大,TWSE,2018,5.6,0.0,5.6
3045,台灣大,TWSE,2019,5.549,0.0,5.549
3045,台灣大,TWSE,2020,4.75,0.0,4.75
3045,台灣大,TWSE,2021,4.2995,0.0,4.2995
3045,台灣大,TWSE,2022,4.3,0.0,4.3
3045,台灣大,TWSE,2023,4.3,0.0,4.3
3045,台灣大,TWSE,2024,4.3,0.0,4.3
3045,台灣大,TWSE,2025,4.5,0.0,4.5
3045,台灣大,TWSE,2026,4.7443,0.0,4.7443
8112,至上,TWSE,2015,1.0989,0.0,1.0989
8112,至上,TWSE,2016,0.9362,0.0,0.9362
8112,至上,TWSE,2017,2.4773,0.0,2.4773
8112,至上,TWSE,2018,2.7992,0.0,2.7992
8112,至上,TWSE,2019,3.0,0.0,3.0
8112,至上,TWSE,2020,2.7,0.0,2.7
8112,至上,TWSE,2021,3.0,0.0,3.0
8112,至上,TWSE,2022,4.0,0.0,4.0
8112,至上,TWSE,2023,4.4,0.0,4.4
8112,至上,TWSE,2024,4.0353,0.0,4.0353
8112,至上,TWSE,2025,3.3506,0.0,3.3506
8112,至上,TWSE,2026,3.8005,0.0,3.8005
2892,第一金,TWSE,2015,0.7,0.65,1.35
2892,第一金,TWSE,2016,0.95,0.45,1.4
2892,第一金,TWSE,2017,1.2,0.2,1.4
2892,第一金,TWSE,2018,0.9,0.1,1.0
2892,第一金,TWSE,2019,1.0,0.1,1.1
2892,第一金,TWSE,2020,1.05,0.3,1.35
2892,第一金,TWSE,2021,0.9,0.1,1.0
2892,第一金,TWSE,2022,1.0,0.2,1.2
2892,第一金,TWSE,2023,0.8,0.3,1.1
2892,第一金,TWSE,2024,0.85,0.3,1.15
2892,第一金,TWSE,2025,0.95,0.25,1.2
2892,第一金,TWSE,2026,1.3,0.0,1.3
6278,台表科,TWSE,2015,1.5,0.5,2.0
6278,台表科,TWSE,2016,1.5,0.0,1.5
6278,台表科,TWSE,2017,1.0,0.0,1.0
6278,台表科,TWSE,2018,1.3,0.0,1.3
6278,台表科,TWSE,2019,1.3,0.0,1.3
6278,台表科,TWSE,2020,2.8,0.0,2.8
6278,台表科,TWSE,2021,3.3,0.0,3.3
6278,台表科,TWSE,2022,6.0,0.0,6.0
6278,台表科,TWSE,2023,7.0,0.0,7.0
6278,台表科,TWSE,2024,5.0,0.0,5.0
6278,台表科,TWSE,2025,5.5,0.0,5.5
6278,台表科,TWSE,2026,5.565,0.0,5.565
8033,雷虎,TWSE,2015,0.0,0.0,0.0
8033,雷虎,TWSE,2021,0.0,0.0,0.0
8033,雷虎,TWSE,2023,0.0,0.0,0.0
8033,雷虎,TWSE,2025,0.0,0.0,0.0
8033,雷虎,TWSE,2026,0.0,0.0,0.0
2049,上銀,TWSE,2015,3.2,0.3,3.5
2049,上銀,TWSE,2016,2.1,0.2,2.3
2049,上銀,TWSE,2017,1.6,0.2,1.8
2049,上銀,TWSE,2018,3.5,0.3,3.8
2049,上銀,TWSE,2019,7.0,0.3,7.3
2049,上銀,TWSE,2020,1.8,0.3,2.1
2049,上銀,TWSE,2021,2.0,0.3,2.3
2049,上銀,TWSE,2022,4.5,0.0,4.5
2049,上銀,TWSE,2023,5.5,0.0,5.5
2049,上銀,TWSE,2024,2.5,0.0,2.5
2049,上銀,TWSE,2025,2.4,0.0,2.4
2049,上銀,TWSE,2026,2.0,0.0,2.0
6257,矽格,TWSE,2015,2.1187,0.0,2.1187
6257,矽格,TWSE,2016,1.6,0.0,1.6
6257,矽格,TWSE,2017,1.6486,0.0,1.6486
6257,矽格,TWSE,2018,1.7614,0.0,1.7614
6257,矽格,TWSE,2019,2.0598,0.0,2.0598
6257,矽格,TWSE,2020,2.1972,0.0,2.1972
6257,矽格,TWSE,2021,2.8656,0.0,2.8656
6257,矽格,TWSE,2022,4.1298,0.0,4.1298
6257,矽格,TWSE,2023,4.2,0.0,4.2
6257,矽格,TWSE,2024,2.5984,0.0,2.5984
6257,矽格,TWSE,2025,4.0429,0.0,4.0429
6257,矽格,TWSE,2026,4.2497,0.0,4.2497
7750,新代,TWSE,2025,11.0,0.0,11.0
7750,新代,TWSE,2026,16.0,0.0,16.0
7795,長廣,TWSE,2025,3.0,0.0,3.0
7795,長廣,TWSE,2026,2.15,0.0,2.15
7610,聯友金屬-創,TWSE,2023,0.35,3.0,3.35
7610,聯友金屬-創,TWSE,2024,0.1,1.2,1.3
7610,聯友金屬-創,TWSE,2025,0.2006,2.3481,2.5487
7610,聯友金屬-創,TWSE,2026,0.5,2.0006,2.5006
7711,永擎,TWSE,2025,4.0011,0.0,4.0011
7711,永擎,TWSE,2026,8.9871,0.0,8.9871
2404,漢唐,TWSE,2015,2.5,0.0,2.5
2404,漢唐,TWSE,2016,4.5,0.0,4.5
2404,漢唐,TWSE,2017,6.0,0.0,6.0
2404,漢唐,TWSE,2018,6.0,0.0,6.0
2404,漢唐,TWSE,2019,10.0,0.0,10.0
2404,漢唐,TWSE,2020,13.0,0.0,13.0
2404,漢唐,TWSE,2021,17.0,0.0,17.0
2404,漢唐,TWSE,2022,13.1253,0.0,13.1253
2404,漢唐,TWSE,2023,15.0,0.0,15.0
2404,漢唐,TWSE,2024,21.0,0.0,21.0
2404,漢唐,TWSE,2025,28.0,0.0,28.0
2404,漢唐,TWSE,2026,40.0,0.0,40.0
6505,台塑化,TWSE,2015,0.85,0.0,0.85
6505,台塑化,TWSE,2016,4.0,0.0,4.0
6505,台塑化,TWSE,2017,6.0,0.0,6.0
6505,台塑化,TWSE,2018,6.3,0.0,6.3
6505,台塑化,TWSE,2019,4.8,0.0,4.8
6505,台塑化,TWSE,2020,2.9,0.0,2.9
6505,台塑化,TWSE,2021,0.59,0.0,0.59
6505,台塑化,TWSE,2022,3.8,0.0,3.8
6505,台塑化,TWSE,2023,1.1,0.0,1.1
6505,台塑化,TWSE,2024,2.0,0.0,2.0
6505,台塑化,TWSE,2025,0.8,0.0,0.8
6505,台塑化,TWSE,2026,1.2,0.0,1.2
2356,英業達,TWSE,2015,1.75,0.0,1.75
2356,英業達,TWSE,2016,1.4,0.0,1.4
2356,英業達,TWSE,2017,1.45,0.0,1.45
2356,英業達,TWSE,2018,1.65,0.0,1.65
2356,英業達,TWSE,2019,1.5,0.0,1.5
2356,英業達,TWSE,2020,1.3,0.0,1.3
2356,英業達,TWSE,2021,1.85,0.0,1.85
2356,英業達,TWSE,2022,1.4,0.0,1.4
2356,英業達,TWSE,2023,1.5,0.0,1.5
2356,英業達,TWSE,2024,1.5,0.0,1.5
2356,英業達,TWSE,2025,1.7,0.0,1.7
2356,英業達,TWSE,2026,2.0,0.0,2.0
1605,華新,TWSE,2016,0.2108,0.0,0.2108
1605,華新,TWSE,2017,0.7,0.0,0.7
1605,華新,TWSE,2018,1.0,0.0,1.0
1605,華新,TWSE,2019,1.2,0.0,1.2
1605,華新,TWSE,2020,0.5061,0.0,0.5061
1605,華新,TWSE,2021,0.9,0.0,0.9
1605,華新,TWSE,2022,1.6,0.0,1.6
1605,華新,TWSE,2023,1.8,0.0,1.8
1605,華新,TWSE,2024,1.1,0.0,1.1
1605,華新,TWSE,2025,0.5,0.0,0.5
1605,華新,TWSE,2026,0.5,0.0,0.5
3044,健鼎,TWSE,2015,2.75,0.0,2.75
3044,健鼎,TWSE,2016,3.25,0.0,3.25
3044,健鼎,TWSE,2017,4.25,0.0,4.25
3044,健鼎,TWSE,2018,5.25,0.0,5.25
3044,健鼎,TWSE,2019,5.9,0.0,5.9
3044,健鼎,TWSE,2020,7.25,0.0,7.25
3044,健鼎,TWSE,2021,7.35,0.0,7.35
3044,健鼎,TWSE,2022,7.0,0.0,7.0
3044,健鼎,TWSE,2023,7.45,0.0,7.45
3044,健鼎,TWSE,2024,7.5,0.0,7.5
3044,健鼎,TWSE,2025,10.3,0.0,10.3
3044,健鼎,TWSE,2026,12.7,0.0,12.7
2359,所羅門,TWSE,2015,1.0,0.0,1.0
2359,所羅門,TWSE,2016,1.0,0.0,1.0
2359,所羅門,TWSE,2017,1.0,0.0,1.0
2359,所羅門,TWSE,2018,1.0,0.0,1.0
2359,所羅門,TWSE,2019,1.1,0.0,1.1
2359,所羅門,TWSE,2020,0.8,0.0,0.8
2359,所羅門,TWSE,2021,0.5,0.0,0.5
2359,所羅門,TWSE,2022,0.9,0.0,0.9
2359,所羅門,TWSE,2023,1.5,0.0,1.5
2359,所羅門,TWSE,2024,1.7,0.0,1.7
2359,所羅門,TWSE,2025,1.0,0.0,1.0
2359,所羅門,TWSE,2026,1.0,0.0,1.0
6415,矽力*-KY,TWSE,2017,4.9245,0.0,4.9245
6415,矽力*-KY,TWSE,2018,5.9799,0.0,5.9799
6415,矽力*-KY,TWSE,2019,6.5237,0.0,6.5237
6415,矽力*-KY,TWSE,2020,7.4753,0.0,7.4753
6415,矽力*-KY,TWSE,2021,10.465,0.0,10.465
6415,矽力*-KY,TWSE,2022,17.9803,0.0,17.9803
6415,矽力*-KY,TWSE,2023,4.4943,0.0,4.4943
6415,矽力*-KY,TWSE,2024,1.9601,0.0,1.9601
6415,矽力*-KY,TWSE,2025,2.4011,0.0,2.4011
6415,矽力*-KY,TWSE,2026,2.5526,0.0,2.5526
2890,永豐金,TWSE,2015,0.5,0.736,1.236
2890,永豐金,TWSE,2016,0.432,0.5,0.932
2890,永豐金,TWSE,2017,0.344,0.35,0.694
2890,永豐金,TWSE,2018,0.5,0.2,0.7
2890,永豐金,TWSE,2019,0.636,0.0,0.636
2890,永豐金,TWSE,2020,0.7,0.0,0.7
2890,永豐金,TWSE,2021,0.7,0.0,0.7
2890,永豐金,TWSE,2022,0.8,0.1,0.9
2890,永豐金,TWSE,2023,0.6,0.2,0.8
2890,永豐金,TWSE,2024,0.75,0.25,1.0
2890,永豐金,TWSE,2025,0.91,0.34,1.25
2890,永豐金,TWSE,2026,1.1,0.2,1.3
2880,華南金,TWSE,2015,0.62,0.62,1.24
2880,華南金,TWSE,2016,0.63,0.62,1.25
2880,華南金,TWSE,2017,0.7,0.5,1.2
2880,華南金,TWSE,2018,0.5,0.45,0.95
2880,華南金,TWSE,2019,0.545,0.545,1.09
2880,華南金,TWSE,2020,0.5603,0.5603,1.1206
2880,華南金,TWSE,2021,0.265,0.264,0.529
2880,華南金,TWSE,2022,0.78,0.34,1.12
2880,華南金,TWSE,2023,0.59,0.0,0.59
2880,華南金,TWSE,2024,1.2,0.1,1.3
2880,華南金,TWSE,2025,1.25,0.1,1.35
2880,華南金,TWSE,2026,1.35,0.1,1.45
3090,日電貿,TWSE,2015,1.5,0.5,2.0
3090,日電貿,TWSE,2016,2.0,0.0,2.0
3090,日電貿,TWSE,2017,2.0,0.0,2.0
3090,日電貿,TWSE,2018,2.5,0.7,3.2
3090,日電貿,TWSE,2019,6.5,0.0,6.5
3090,日電貿,TWSE,2020,3.5,0.0,3.5
3090,日電貿,TWSE,2021,3.1,0.0,3.1
3090,日電貿,TWSE,2022,4.0,0.0,4.0
3090,日電貿,TWSE,2023,5.5,0.0,5.5
3090,日電貿,TWSE,2024,3.4,0.0,3.4
3090,日電貿,TWSE,2025,4.2,0.0,4.2
3090,日電貿,TWSE,2026,4.8,0.0,4.8
6672,騰輝電子-KY,TWSE,2018,1.0,0.0,1.0
6672,騰輝電子-KY,TWSE,2019,3.347,0.0,3.347
6672,騰輝電子-KY,TWSE,2020,5.0,0.0,5.0
6672,騰輝電子-KY,TWSE,2021,3.2,0.0,3.2
6672,騰輝電子-KY,TWSE,2022,6.6,0.0,6.6
6672,騰輝電子-KY,TWSE,2023,3.6,0.0,3.6
6672,騰輝電子-KY,TWSE,2024,3.35,0.0,3.35
6672,騰輝電子-KY,TWSE,2025,3.35,0.0,3.35
6672,騰輝電子-KY,TWSE,2026,3.35,0.0,3.35
4904,遠傳,TWSE,2015,3.75,0.0,3.75
4904,遠傳,TWSE,2016,3.75,0.0,3.75
4904,遠傳,TWSE,2017,3.75,0.0,3.75
4904,遠傳,TWSE,2018,3.75,0.0,3.75
4904,遠傳,TWSE,2019,3.75,0.0,3.75
4904,遠傳,TWSE,2020,3.25,0.0,3.25
4904,遠傳,TWSE,2021,3.25,0.0,3.25
4904,遠傳,TWSE,2022,3.25,0.0,3.25
4904,遠傳,TWSE,2023,3.25,0.0,3.25
4904,遠傳,TWSE,2024,3.25,0.0,3.25
4904,遠傳,TWSE,2025,3.56,0.0,3.56
4904,遠傳,TWSE,2026,3.8093,0.0,3.8093
0052,富邦科技,TWSE,2016,4.878,0.0,4.878
0052,富邦科技,TWSE,2017,1.41,0.0,1.41
0052,富邦科技,TWSE,2018,1.72,0.0,1.72
0052,富邦科技,TWSE,2019,1.047,0.0,1.047
0052,富邦科技,TWSE,2020,1.927,0.0,1.927
0052,富邦科技,TWSE,2021,1.032,0.0,1.032
0052,富邦科技,TWSE,2022,10.19,0.0,10.19
0052,富邦科技,TWSE,2023,4.0,0.0,4.0
0052,富邦科技,TWSE,2024,6.43,0.0,6.43
0052,富邦科技,TWSE,2025,3.23,0.0,3.23
0052,富邦科技,TWSE,2026,1.199,0.0,1.199
3049,精金,TWSE,2019,0.0,0.0,0.0
3049,精金,TWSE,2020,0.35,0.0,0.35
3049,精金,TWSE,2021,0.39,0.0,0.39
3049,精金,TWSE,2022,0.35,0.0,0.35
1101,台泥,TWSE,2015,2.49,0.0,2.49
1101,台泥,TWSE,2016,1.33,0.0,1.33
1101,台泥,TWSE,2017,1.45,0.0,1.45
1101,台泥,TWSE,2018,1.5,1.0,2.5
1101,台泥,TWSE,2019,3.3051,0.7011,4.0062
1101,台泥,TWSE,2020,2.5008,0.5002,3.001
1101,台泥,TWSE,2021,3.3681,0.0,3.3681
1101,台泥,TWSE,2022,0.9993,0.9993,1.9986
1101,台泥,TWSE,2023,0.4997,0.0,0.4997
1101,台泥,TWSE,2024,1.0,0.0,1.0
1101,台泥,TWSE,2025,1.0,0.0,1.0
1101,台泥,TWSE,2026,0.8,0.0,0.8
2474,可成,TWSE,2015,6.0,0.0,6.0
2474,可成,TWSE,2016,10.0,0.0,10.0
2474,可成,TWSE,2017,10.0,0.0,10.0
2474,可成,TWSE,2018,12.0,0.0,12.0
2474,可成,TWSE,2019,12.0,0.0,12.0
2474,可成,TWSE,2020,10.0,0.0,10.0
2474,可成,TWSE,2021,12.0,0.0,12.0
2474,可成,TWSE,2022,10.2139,0.0,10.2139
2474,可成,TWSE,2023,15.0,0.0,15.0
2474,可成,TWSE,2024,12.5,0.0,12.5
2474,可成,TWSE,2025,11.4864,0.0,11.4864
2474,可成,TWSE,2026,7.1139,0.0,7.1139
6919,康霈*,TWSE,2023,0.0,0.0,0.0
2233,宇隆,TWSE,2015,4.75,0.0,4.75
2233,宇隆,TWSE,2016,3.0,0.0,3.0
2233,宇隆,TWSE,2017,5.0,0.0,5.0
2233,宇隆,TWSE,2018,3.7569,2.2542,6.0111
2233,宇隆,TWSE,2019,4.0,0.0,4.0
2233,宇隆,TWSE,2020,3.3,0.0,3.3
2233,宇隆,TWSE,2021,3.7443,0.0,3.7443
2233,宇隆,TWSE,2022,5.4,0.0,5.4
2233,宇隆,TWSE,2023,6.0,0.0,6.0
2233,宇隆,TWSE,2024,5.3,0.0,5.3
2233,宇隆,TWSE,2025,7.0,0.0,7.0
2233,宇隆,TWSE,2026,3.9999,0.0,3.9999
5871,中租-KY,TWSE,2015,2.8,0.4,3.2
5871,中租-KY,TWSE,2016,3.1,0.0,3.1
5871,中租-KY,TWSE,2017,3.4,0.0,3.4
5871,中租-KY,TWSE,2018,3.8,0.2,4.0
5871,中租-KY,TWSE,2019,4.2,0.3,4.5
5871,中租-KY,TWSE,2020,4.6,0.4,5.0
5871,中租-KY,TWSE,2021,5.0,0.5,5.5
5871,中租-KY,TWSE,2022,6.0,0.5,6.5
5871,中租-KY,TWSE,2023,6.4,0.2,6.6
5871,中租-KY,TWSE,2024,6.5,0.2,6.7
5871,中租-KY,TWSE,2025,6.1,0.2,6.3
5871,中租-KY,TWSE,2026,5.8,0.2,6.0
6285,啟碁,TWSE,2016,3.7,0.3,4.0
6285,啟碁,TWSE,2017,3.6672,0.2973,3.9645
6285,啟碁,TWSE,2018,3.7003,0.2,3.9003
6285,啟碁,TWSE,2019,3.5007,0.0,3.5007
6285,啟碁,TWSE,2020,2.5001,0.0,2.5001
6285,啟碁,TWSE,2021,2.5012,0.0,2.5012
6285,啟碁,TWSE,2022,2.1001,0.0,2.1001
6285,啟碁,TWSE,2023,4.8414,0.0,4.8414
6285,啟碁,TWSE,2024,5.9962,0.0,5.9962
6285,啟碁,TWSE,2025,4.8005,0.0,4.8005
6285,啟碁,TWSE,2026,4.3018,0.0,4.3018
3706,神達,TWSE,2015,0.6896,0.0,0.6896
3706,神達,TWSE,2016,1.5924,0.3981,1.9905
3706,神達,TWSE,2017,2.4971,0.0,2.4971
3706,神達,TWSE,2018,1.2978,1.4975,2.7953
3706,神達,TWSE,2019,1.5,1.5,3.0
3706,神達,TWSE,2020,1.0,1.2,2.2
3706,神達,TWSE,2021,1.0,0.0,1.0
3706,神達,TWSE,2022,2.0,0.0,2.0
3706,神達,TWSE,2023,1.3,0.0,1.3
3706,神達,TWSE,2024,1.3,0.0,1.3
3706,神達,TWSE,2025,1.0,1.0,2.0
3706,神達,TWSE,2026,3.0,1.0,4.0
6831,邁科,TWSE,2022,0.0,0.0,0.0
6831,邁科,TWSE,2023,0.532,1.71,2.242
6831,邁科,TWSE,2024,0.7787,0.5489,1.3276
6831,邁科,TWSE,2025,1.25,0.0,1.25
6831,邁科,TWSE,2026,3.0,0.0,3.0
2412,中華電,TWSE,2015,4.8564,0.0,4.8564
2412,中華電,TWSE,2016,5.4852,0.0,5.4852
2412,中華電,TWSE,2017,4.9419,0.0,4.9419
2412,中華電,TWSE,2018,4.796,0.0,4.796
2412,中華電,TWSE,2019,4.479,0.0,4.479
2412,中華電,TWSE,2020,4.226,0.0,4.226
2412,中華電,TWSE,2021,4.306,0.0,4.306
2412,中華電,TWSE,2022,4.608,0.0,4.608
2412,中華電,TWSE,2023,4.702,0.0,4.702
2412,中華電,TWSE,2024,4.758,0.0,4.758
2412,中華電,TWSE,2025,5.0,0.0,5.0
2412,中華電,TWSE,2026,5.2,0.0,5.2
1326,台化,TWSE,2015,1.2,0.0,1.2
1326,台化,TWSE,2016,3.5,0.0,3.5
1326,台化,TWSE,2017,5.6,0.0,5.6
1326,台化,TWSE,2018,7.0,0.0,7.0
1326,台化,TWSE,2019,6.2,0.0,6.2
1326,台化,TWSE,2020,3.8,0.0,3.8
1326,台化,TWSE,2021,2.5,0.0,2.5
1326,台化,TWSE,2022,4.8,0.0,4.8
1326,台化,TWSE,2023,0.95,0.0,0.95
1326,台化,TWSE,2024,1.25,0.0,1.25
1326,台化,TWSE,2025,0.5,0.0,0.5
1326,台化,TWSE,2026,0.6,0.0,0.6
6426,統新,TWSE,2015,1.5118,0.0,1.5118
6426,統新,TWSE,2016,1.5,0.0,1.5
6426,統新,TWSE,2017,1.4948,0.0,1.4948
6426,統新,TWSE,2018,1.4938,0.0,1.4938
6426,統新,TWSE,2019,1.4945,0.0,1.4945
6426,統新,TWSE,2020,2.0,0.0,2.0
6426,統新,TWSE,2021,2.4994,0.0,2.4994
6426,統新,TWSE,2022,2.0,0.0,2.0
6426,統新,TWSE,2023,2.0,0.0,2.0
6426,統新,TWSE,2024,0.5,0.0,0.5
6426,統新,TWSE,2025,0.5,0.0,0.5
6426,統新,TWSE,2026,0.5,0.0,0.5
4763,材料*-KY,TWSE,2016,5.0,0.0,5.0
4763,材料*-KY,TWSE,2017,5.0,0.0,5.0
4763,材料*-KY,TWSE,2018,5.0,0.0,5.0
4763,材料*-KY,TWSE,2019,4.0,1.0,5.0
4763,材料*-KY,TWSE,2020,4.7537,0.0,4.7537
4763,材料*-KY,TWSE,2021,4.7826,1.5,6.2826
4763,材料*-KY,TWSE,2022,8.8246,0.0,8.8246
4763,材料*-KY,TWSE,2023,9.0571,1.4103,10.4674
4763,材料*-KY,TWSE,2024,29.0707,1.4978,30.5685
4763,材料*-KY,TWSE,2025,2.5,0.0,2.5
1519,華城,TWSE,2015,0.6,0.0,0.6
1519,華城,TWSE,2016,0.6,0.0,0.6
1519,華城,TWSE,2017,0.8,0.0,0.8
1519,華城,TWSE,2018,0.4,0.0,0.4
1519,華城,TWSE,2019,0.3,0.0,0.3
1519,華城,TWSE,2020,1.0,0.0,1.0
1519,華城,TWSE,2021,1.3,0.0,1.3
1519,華城,TWSE,2022,1.0,0.0,1.0
1519,華城,TWSE,2023,2.5,0.0,2.5
1519,華城,TWSE,2024,6.0,1.0,7.0
1519,華城,TWSE,2025,9.0,1.0,10.0
1519,華城,TWSE,2026,11.0,1.0,12.0
4938,和碩,TWSE,2015,4.0374,0.0,4.0374
4938,和碩,TWSE,2016,5.0297,0.0,5.0297
4938,和碩,TWSE,2017,4.9287,0.0,4.9287
4938,和碩,TWSE,2018,4.0017,0.0,4.0017
4938,和碩,TWSE,2019,3.5009,0.0,3.5009
4938,和碩,TWSE,2020,4.5005,0.0,4.5005
4938,和碩,TWSE,2021,4.4888,0.0,4.4888
4938,和碩,TWSE,2022,5.0014,0.0,5.0014
4938,和碩,TWSE,2023,4.0034,0.0,4.0034
4938,和碩,TWSE,2024,4.0006,0.0,4.0006
4938,和碩,TWSE,2025,4.5028,0.0,4.5028
4938,和碩,TWSE,2026,4.0094,0.0,4.0094
6691,洋基工程,TWSE,2019,8.0,4.0,12.0
6691,洋基工程,TWSE,2020,10.0,0.0,10.0
6691,洋基工程,TWSE,2021,6.3,4.7,11.0
6691,洋基工程,TWSE,2022,14.0,0.0,14.0
6691,洋基工程,TWSE,2023,19.25,3.0398,22.2898
6691,洋基工程,TWSE,2024,16.0,2.0,18.0
6691,洋基工程,TWSE,2025,16.0,1.5,17.5
6691,洋基工程,TWSE,2026,21.0,1.0,22.0
2610,華航,TWSE,2016,0.4585,0.0,0.4585
2610,華航,TWSE,2018,0.2182,0.0,0.2182
2610,華航,TWSE,2019,0.2096,0.0,0.2096
2610,華航,TWSE,2022,0.8315,0.0,0.8315
2610,華航,TWSE,2023,0.4602,0.0,0.4602
2610,華航,TWSE,2024,0.6901,0.0,0.6901
2610,華航,TWSE,2025,0.7959,0.0,0.7959
2610,華航,TWSE,2026,0.8145,0.0,0.8145
3135,凌航,TWSE,2022,0.5,4.3,4.8
3135,凌航,TWSE,2023,0.3017,0.0,0.3017
3135,凌航,TWSE,2024,1.0,0.0,1.0
3135,凌航,TWSE,2025,1.3227,0.0,1.3227
3135,凌航,TWSE,2026,3.2586,0.4769,3.7355
8261,富鼎,TWSE,2015,0.4003,0.0,0.4003
8261,富鼎,TWSE,2016,1.0002,0.0,1.0002
8261,富鼎,TWSE,2017,0.7,0.0,0.7
8261,富鼎,TWSE,2018,0.45,0.0,0.45
8261,富鼎,TWSE,2019,1.0,0.0,1.0
8261,富鼎,TWSE,2020,0.5,0.0,0.5
8261,富鼎,TWSE,2021,1.0,0.0,1.0
8261,富鼎,TWSE,2022,6.0,0.0,6.0
8261,富鼎,TWSE,2023,4.9767,0.0,4.9767
8261,富鼎,TWSE,2024,2.4883,0.0,2.4883
8261,富鼎,TWSE,2025,3.1906,0.0,3.1906
8261,富鼎,TWSE,2026,5.0,0.0,5.0
6781,AES-KY,TWSE,2021,5.3,0.0,5.3
6781,AES-KY,TWSE,2022,15.0,0.0,15.0
6781,AES-KY,TWSE,2023,19.0,0.0,19.0
6781,AES-KY,TWSE,2024,11.6,0.0,11.6
6781,AES-KY,TWSE,2025,12.5,0.0,12.5
6781,AES-KY,TWSE,2026,19.1,0.0,19.1
2377,微星,TWSE,2015,3.0,0.0,3.0
2377,微星,TWSE,2016,3.5,0.0,3.5
2377,微星,TWSE,2017,4.5,0.0,4.5
2377,微星,TWSE,2018,4.5,0.0,4.5
2377,微星,TWSE,2019,5.0,0.0,5.0
2377,微星,TWSE,2020,4.2,0.0,4.2
2377,微星,TWSE,2021,6.1,0.0,6.1
2377,微星,TWSE,2022,10.5,0.0,10.5
2377,微星,TWSE,2023,6.6,0.0,6.6
2377,微星,TWSE,2024,5.4,0.0,5.4
2377,微星,TWSE,2025,5.0,0.0,5.0
2377,微星,TWSE,2026,4.2,0.0,4.2
4977,眾達-KY,TWSE,2015,4.5,0.5,5.0
4977,眾達-KY,TWSE,2016,4.0,0.7,4.7
4977,眾達-KY,TWSE,2017,4.8,0.2,5.0
4977,眾達-KY,TWSE,2018,4.6405,0.0,4.6405
4977,眾達-KY,TWSE,2019,3.5593,0.3051,3.8644
4977,眾達-KY,TWSE,2020,3.5,0.0,3.5
4977,眾達-KY,TWSE,2021,5.9,0.0,5.9
4977,眾達-KY,TWSE,2022,3.2196,0.0,3.2196
4977,眾達-KY,TWSE,2023,2.5,0.0,2.5
4977,眾達-KY,TWSE,2024,2.2,0.0,2.2
4977,眾達-KY,TWSE,2025,2.2525,0.0,2.2525
4977,眾達-KY,TWSE,2026,2.182,0.0,2.182
2618,長榮航,TWSE,2016,0.3,0.5,0.8
2618,長榮航,TWSE,2017,0.2,0.3,0.5
2618,長榮航,TWSE,2018,0.2,0.5,0.7
2618,長榮航,TWSE,2019,0.4973,0.2984,0.7956
2618,長榮航,TWSE,2020,0.25,0.0,0.25
2618,長榮航,TWSE,2021,0.0,0.0,0.0
2618,長榮航,TWSE,2022,0.5917,0.0,0.5917
2618,長榮航,TWSE,2023,0.7991,0.0,0.7991
2618,長榮航,TWSE,2024,1.8,0.0,1.8
2618,長榮航,TWSE,2025,2.4,0.0,2.4
2618,長榮航,TWSE,2026,2.0,0.0,2.0
1590,亞德客-KY,TWSE,2015,4.8,0.5,5.3
1590,亞德客-KY,TWSE,2016,4.0,0.0,4.0
1590,亞德客-KY,TWSE,2017,5.3689,0.0,5.3689
1590,亞德客-KY,TWSE,2018,7.4448,0.0,7.4448
1590,亞德客-KY,TWSE,2019,5.2397,0.0,5.2397
1590,亞德客-KY,TWSE,2020,4.7347,0.0,4.7347
1590,亞德客-KY,TWSE,2021,9.1623,0.0,9.1623
1590,亞德客-KY,TWSE,2022,13.305,0.0,13.305
1590,亞德客-KY,TWSE,2023,13.118,0.0,13.118
1590,亞德客-KY,TWSE,2024,17.6831,0.0,17.6831
1590,亞德客-KY,TWSE,2025,19.5484,0.0,19.5484
1590,亞德客-KY,TWSE,2026,29.1078,0.0,29.1078
6196,帆宣,TWSE,2015,2.0,0.0,2.0
6196,帆宣,TWSE,2016,2.0,0.0,2.0
6196,帆宣,TWSE,2017,2.0747,0.0,2.0747
6196,帆宣,TWSE,2018,2.4825,0.0,2.4825
6196,帆宣,TWSE,2019,2.9968,0.0,2.9968
6196,帆宣,TWSE,2020,2.5962,0.0,2.5962
6196,帆宣,TWSE,2021,3.4974,0.0,3.4974
6196,帆宣,TWSE,2022,4.4478,0.0,4.4478
6196,帆宣,TWSE,2023,5.6383,0.0,5.6383
6196,帆宣,TWSE,2024,6.0,0.0,6.0
6196,帆宣,TWSE,2025,5.9047,0.0,5.9047
6196,帆宣,TWSE,2026,6.4488,0.0,6.4488
1560,中砂,TWSE,2015,4.1,0.0,4.1
1560,中砂,TWSE,2016,3.7,0.0,3.7
1560,中砂,TWSE,2017,3.0,0.0,3.0
1560,中砂,TWSE,2018,3.5,0.0,3.5
1560,中砂,TWSE,2019,3.5,0.0,3.5
1560,中砂,TWSE,2020,2.8,0.0,2.8
1560,中砂,TWSE,2021,2.7983,0.0,2.7983
1560,中砂,TWSE,2022,2.7967,0.0,2.7967
1560,中砂,TWSE,2023,3.9988,0.0,3.9988
1560,中砂,TWSE,2024,3.9965,0.0,3.9965
1560,中砂,TWSE,2025,3.9866,0.0,3.9866
1560,中砂,TWSE,2026,4.9421,0.0,4.9421
2612,中航,TWSE,2015,1.3,0.0,1.3
2612,中航,TWSE,2016,0.2,0.0,0.2
2612,中航,TWSE,2017,0.5,0.0,0.5
2612,中航,TWSE,2018,0.5,0.0,0.5
2612,中航,TWSE,2019,1.6,0.0,1.6
2612,中航,TWSE,2020,0.8,0.0,0.8
2612,中航,TWSE,2021,1.6,0.0,1.6
2612,中航,TWSE,2022,2.68,0.0,2.68
2612,中航,TWSE,2023,2.18,0.0,2.18
2612,中航,TWSE,2024,1.0,0.0,1.0
2612,中航,TWSE,2025,2.1,0.0,2.1
2612,中航,TWSE,2026,2.2,0.0,2.2
6715,嘉基,TWSE,2019,0.5,0.0,0.5
6715,嘉基,TWSE,2020,1.8,0.0,1.8
6715,嘉基,TWSE,2021,2.5,0.0,2.5
6715,嘉基,TWSE,2022,1.8,0.0,1.8
6715,嘉基,TWSE,2023,4.4707,0.0,4.4707
6715,嘉基,TWSE,2024,3.303,0.0,3.303
6715,嘉基,TWSE,2025,3.9195,0.0,3.9195
6715,嘉基,TWSE,2026,1.9431,0.0,1.9431
2478,大毅,TWSE,2015,0.4,0.0,0.4
2478,大毅,TWSE,2016,0.2011,0.0,0.2011
2478,大毅,TWSE,2017,0.4995,0.0,0.4995
2478,大毅,TWSE,2018,0.8,0.0,0.8
2478,大毅,TWSE,2019,2.5,0.0,2.5
2478,大毅,TWSE,2020,1.8,0.0,1.8
2478,大毅,TWSE,2021,3.0,0.0,3.0
2478,大毅,TWSE,2022,4.0,0.0,4.0
2478,大毅,TWSE,2023,2.0,0.0,2.0
2478,大毅,TWSE,2024,1.5,0.0,1.5
2478,大毅,TWSE,2025,1.8181,0.0,1.8181
2478,大毅,TWSE,2026,2.0,0.0,2.0
1504,東元,TWSE,2015,1.1,0.0,1.1
1504,東元,TWSE,2016,0.8,0.0,0.8
1504,東元,TWSE,2017,0.88,0.0,0.88
1504,東元,TWSE,2018,0.86,0.0,0.86
1504,東元,TWSE,2019,0.9,0.0,0.9
1504,東元,TWSE,2020,0.99,0.0,0.99
1504,東元,TWSE,2021,1.15,0.0,1.15
1504,東元,TWSE,2022,1.35,0.0,1.35
1504,東元,TWSE,2023,1.5,0.0,1.5
1504,東元,TWSE,2024,2.2,0.0,2.2
1504,東元,TWSE,2025,2.2,0.0,2.2
1504,東元,TWSE,2026,2.0,0.0,2.0
2002,中鋼,TWSE,2015,1.0,0.0,1.0
2002,中鋼,TWSE,2016,0.5,0.0,0.5
2002,中鋼,TWSE,2017,0.85,0.0,0.85
2002,中鋼,TWSE,2018,0.88,0.0,0.88
2002,中鋼,TWSE,2019,1.0,0.0,1.0
2002,中鋼,TWSE,2020,0.5,0.0,0.5
2002,中鋼,TWSE,2021,0.3,0.0,0.3
2002,中鋼,TWSE,2022,3.1,0.0,3.1
2002,中鋼,TWSE,2023,1.0,0.0,1.0
2002,中鋼,TWSE,2024,0.35,0.0,0.35
2002,中鋼,TWSE,2025,0.33,0.0,0.33
2002,中鋼,TWSE,2026,0.15,0.0,0.15
6782,視陽,TWSE,2021,1.1,0.0,1.1
6782,視陽,TWSE,2022,4.0,0.0,4.0
6782,視陽,TWSE,2023,5.5,0.0,5.5
6782,視陽,TWSE,2024,2.4,0.0,2.4
6782,視陽,TWSE,2025,5.1,0.0,5.1
6782,視陽,TWSE,2026,8.4,0.0,8.4
2834,臺企銀,TWSE,2015,0.0,0.73,0.73
2834,臺企銀,TWSE,2016,0.1,0.5,0.6
2834,臺企銀,TWSE,2017,0.102,0.3,0.402
2834,臺企銀,TWSE,2018,0.268,0.4,0.668
2834,臺企銀,TWSE,2019,0.3,0.5,0.8
2834,臺企銀,TWSE,2020,0.2,0.5,0.7
2834,臺企銀,TWSE,2021,0.1,0.34,0.44
2834,臺企銀,TWSE,2022,0.1,0.37,0.47
2834,臺企銀,TWSE,2023,0.1,0.24,0.34
2834,臺企銀,TWSE,2024,0.2,1.15,1.35
2834,臺企銀,TWSE,2025,0.2,0.6,0.8
2834,臺企銀,TWSE,2026,0.3,0.7,1.0
6271,同欣電,TWSE,2015,6.0,0.0,6.0
6271,同欣電,TWSE,2016,6.0,0.0,6.0
6271,同欣電,TWSE,2017,5.9111,0.0,5.9111
6271,同欣電,TWSE,2018,6.0,0.0,6.0
6271,同欣電,TWSE,2019,6.0,0.0,6.0
6271,同欣電,TWSE,2020,2.4448,0.0,2.4448
6271,同欣電,TWSE,2021,5.5,0.0,5.5
6271,同欣電,TWSE,2022,9.0004,0.0,9.0004
6271,同欣電,TWSE,2023,7.7701,3.0,10.7701
6271,同欣電,TWSE,2024,2.4,0.0,2.4
6271,同欣電,TWSE,2025,3.0,0.0,3.0
6271,同欣電,TWSE,2026,3.0,0.0,3.0
8028,昇陽半導體,TWSE,2015,1.0,0.0,1.0
8028,昇陽半導體,TWSE,2016,1.5,0.0,1.5
8028,昇陽半導體,TWSE,2017,1.5,0.0,1.5
8028,昇陽半導體,TWSE,2018,1.6,0.0,1.6
8028,昇陽半導體,TWSE,2019,1.6,0.0,1.6
8028,昇陽半導體,TWSE,2020,2.0,0.0,2.0
8028,昇陽半導體,TWSE,2021,0.6,0.6,1.2
8028,昇陽半導體,TWSE,2022,0.8,0.6,1.4
8028,昇陽半導體,TWSE,2023,1.8,0.0,1.8
8028,昇陽半導體,TWSE,2024,1.8,0.0,1.8
8028,昇陽半導體,TWSE,2025,2.2,0.0,2.2
8028,昇陽半導體,TWSE,2026,2.702,0.0,2.702
3673,TPK-KY,TWSE,2015,0.4712,0.0,0.4712
3673,TPK-KY,TWSE,2018,3.0,0.0,3.0
3673,TPK-KY,TWSE,2021,1.0,0.0,1.0
3673,TPK-KY,TWSE,2022,1.5,0.0,1.5
3673,TPK-KY,TWSE,2023,0.5,0.0,0.5
3673,TPK-KY,TWSE,2025,0.8,0.0,0.8
3673,TPK-KY,TWSE,2026,1.8,0.0,1.8
2493,揚博,TWSE,2015,2.8,0.0,2.8
2493,揚博,TWSE,2016,2.3,0.0,2.3
2493,揚博,TWSE,2017,2.3,0.0,2.3
2493,揚博,TWSE,2018,1.75,0.0,1.75
2493,揚博,TWSE,2019,2.5,0.0,2.5
2493,揚博,TWSE,2020,2.5,0.0,2.5
2493,揚博,TWSE,2021,2.5,0.0,2.5
2493,揚博,TWSE,2022,2.75,0.0,2.75
2493,揚博,TWSE,2023,4.0,0.0,4.0
2493,揚博,TWSE,2024,5.0,0.0,5.0
2493,揚博,TWSE,2025,4.0,1.08,5.08
2493,揚博,TWSE,2026,4.0,0.0,4.0
2027,大成鋼,TWSE,2015,0.6147,0.4098,1.0245
2027,大成鋼,TWSE,2016,0.5,0.3,0.8
2027,大成鋼,TWSE,2017,0.4975,0.2985,0.796
2027,大成鋼,TWSE,2018,0.8,0.4,1.2
2027,大成鋼,TWSE,2019,3.0,0.0,3.0
2027,大成鋼,TWSE,2020,1.0,0.2,1.2
2027,大成鋼,TWSE,2021,0.8,0.0,0.8
2027,大成鋼,TWSE,2022,1.8,0.1,1.9
2027,大成鋼,TWSE,2023,2.4,2.0,4.4
2027,大成鋼,TWSE,2024,1.2,0.0,1.2
2027,大成鋼,TWSE,2025,1.1,0.0,1.1
2027,大成鋼,TWSE,2026,1.5,0.0,1.5
1727,中華化,TWSE,2015,0.5,0.5,1.0
1727,中華化,TWSE,2016,0.5,0.0,0.5
1727,中華化,TWSE,2017,0.6,0.0,0.6
1727,中華化,TWSE,2018,0.6,0.0,0.6
1727,中華化,TWSE,2019,0.6,0.0,0.6
1727,中華化,TWSE,2020,0.2,0.0,0.2
1727,中華化,TWSE,2022,0.52,0.0,0.52
1727,中華化,TWSE,2023,0.731,0.0,0.731
1727,中華化,TWSE,2024,0.2867,0.0,0.2867
1727,中華化,TWSE,2025,0.5,0.0,0.5
1727,中華化,TWSE,2026,0.15,0.0,0.15
5269,祥碩,TWSE,2015,3.0015,0.0,3.0015
5269,祥碩,TWSE,2016,3.0006,0.0,3.0006
5269,祥碩,TWSE,2017,4.5,0.52,5.02
5269,祥碩,TWSE,2018,6.0,0.0,6.0
5269,祥碩,TWSE,2019,12.0,0.0,12.0
5269,祥碩,TWSE,2020,11.9689,0.0,11.9689
5269,祥碩,TWSE,2021,24.0009,0.0,24.0009
5269,祥碩,TWSE,2022,26.001,0.0,26.001
5269,祥碩,TWSE,2023,20.0004,0.0,20.0004
5269,祥碩,TWSE,2024,18.5806,0.0,18.5806
5269,祥碩,TWSE,2025,30.0001,0.0,30.0001
5269,祥碩,TWSE,2026,45.3767,0.0,45.3767
3016,嘉晶,TWSE,2015,0.1,0.0,0.1
3016,嘉晶,TWSE,2017,0.0,0.0,0.0
3016,嘉晶,TWSE,2018,0.5,0.0,0.5
3016,嘉晶,TWSE,2019,1.0,0.0,1.0
3016,嘉晶,TWSE,2020,0.2472,0.0,0.2472
3016,嘉晶,TWSE,2021,0.2496,0.0,0.2496
3016,嘉晶,TWSE,2022,1.1848,0.0,1.1848
3016,嘉晶,TWSE,2023,2.0,0.0,2.0
3016,嘉晶,TWSE,2024,0.5,0.0,0.5
3016,嘉晶,TWSE,2025,0.5,0.0,0.5
3016,嘉晶,TWSE,2026,0.4969,0.0,0.4969
2441,超豐,TWSE,2015,2.8,0.0,2.8
2441,超豐,TWSE,2016,2.4,0.0,2.4
2441,超豐,TWSE,2017,2.75,0.0,2.75
2441,超豐,TWSE,2018,3.0,0.0,3.0
2441,超豐,TWSE,2019,2.7,0.0,2.7
2441,超豐,TWSE,2020,2.3,0.0,2.3
2441,超豐,TWSE,2021,3.1,0.0,3.1
2441,超豐,TWSE,2022,5.0,0.0,5.0
2441,超豐,TWSE,2023,3.7,0.0,3.7
2441,超豐,TWSE,2024,2.5,0.0,2.5
2441,超豐,TWSE,2025,3.0,0.0,3.0
2441,超豐,TWSE,2026,3.0091,0.0,3.0091
6414,樺漢,TWSE,2015,6.0,0.0,6.0
6414,樺漢,TWSE,2016,8.8248,0.0,8.8248
6414,樺漢,TWSE,2017,10.1199,0.0,10.1199
6414,樺漢,TWSE,2018,8.8777,0.0,8.8777
6414,樺漢,TWSE,2019,7.0,0.0,7.0
6414,樺漢,TWSE,2020,3.9333,0.9833,4.9167
6414,樺漢,TWSE,2021,5.0,0.0,5.0
6414,樺漢,TWSE,2022,7.0,0.0,7.0
6414,樺漢,TWSE,2023,12.7403,0.0,12.7403
6414,樺漢,TWSE,2024,11.3523,0.0,11.3523
6414,樺漢,TWSE,2025,12.2,0.0,12.2
6414,樺漢,TWSE,2026,13.7842,0.0,13.7842
2645,長榮航太,TWSE,2022,2.0,0.0,2.0
2645,長榮航太,TWSE,2023,4.0,0.0,4.0
2645,長榮航太,TWSE,2024,4.5,0.0,4.5
2645,長榮航太,TWSE,2025,4.5,0.0,4.5
2645,長榮航太,TWSE,2026,5.0,0.0,5.0
6789,采鈺,TWSE,2021,1.9865,0.0,1.9865
6789,采鈺,TWSE,2022,1.8646,0.0,1.8646
6789,采鈺,TWSE,2023,1.9982,0.0,1.9982
6789,采鈺,TWSE,2024,0.9991,0.0,0.9991
6789,采鈺,TWSE,2025,2.997,0.0,2.997
6789,采鈺,TWSE,2026,3.0,0.0,3.0
1402,遠東新,TWSE,2015,1.2,0.2,1.4
1402,遠東新,TWSE,2016,1.0,0.0,1.0
1402,遠東新,TWSE,2017,0.8,0.0,0.8
1402,遠東新,TWSE,2018,1.2,0.0,1.2
1402,遠東新,TWSE,2019,1.8,0.0,1.8
1402,遠東新,TWSE,2020,1.5,0.0,1.5
1402,遠東新,TWSE,2021,1.35,0.0,1.35
1402,遠東新,TWSE,2022,1.5,0.0,1.5
1402,遠東新,TWSE,2023,1.35,0.0,1.35
1402,遠東新,TWSE,2024,1.35,0.0,1.35
1402,遠東新,TWSE,2025,1.6,0.0,1.6
1402,遠東新,TWSE,2026,1.25,0.0,1.25
3376,新日興,TWSE,2015,4.0,0.0,4.0
3376,新日興,TWSE,2016,4.0,0.0,4.0
3376,新日興,TWSE,2017,3.0,0.0,3.0
3376,新日興,TWSE,2018,2.5,0.0,2.5
3376,新日興,TWSE,2019,3.9887,0.0,3.9887
3376,新日興,TWSE,2020,3.9994,0.0,3.9994
3376,新日興,TWSE,2021,6.9833,0.0,6.9833
3376,新日興,TWSE,2022,5.0,0.0,5.0
3376,新日興,TWSE,2023,6.0,0.0,6.0
3376,新日興,TWSE,2024,4.0,0.0,4.0
3376,新日興,TWSE,2025,6.0,0.0,6.0
3376,新日興,TWSE,2026,3.9997,0.0,3.9997
3714,富采,TWSE,2022,2.0,0.0,2.0
3714,富采,TWSE,2024,0.9183,0.0,0.9183
3714,富采,TWSE,2025,0.9,0.0,0.9
3714,富采,TWSE,2026,0.9,0.0,0.9
2467,志聖,TWSE,2015,1.3,0.0,1.3
2467,志聖,TWSE,2017,0.5,0.0,0.5
2467,志聖,TWSE,2018,1.5,0.0,1.5
2467,志聖,TWSE,2019,2.5,0.0,2.5
2467,志聖,TWSE,2020,2.5,0.0,2.5
2467,志聖,TWSE,2021,2.512,0.201,2.713
2467,志聖,TWSE,2022,3.0,0.3,3.3
2467,志聖,TWSE,2023,3.6,0.0,3.6
2467,志聖,TWSE,2024,3.0,0.0,3.0
2467,志聖,TWSE,2025,5.0,0.0,5.0
2467,志聖,TWSE,2026,5.5,0.0,5.5
3019,亞光,TWSE,2017,1.0,0.0,1.0
3019,亞光,TWSE,2018,1.6,0.0,1.6
3019,亞光,TWSE,2019,2.3,0.0,2.3
3019,亞光,TWSE,2020,2.0,0.0,2.0
3019,亞光,TWSE,2021,1.0,0.0,1.0
3019,亞光,TWSE,2022,3.7,0.0,3.7
3019,亞光,TWSE,2023,1.9,0.0,1.9
3019,亞光,TWSE,2024,1.8,0.0,1.8
3019,亞光,TWSE,2025,4.0,0.0,4.0
3019,亞光,TWSE,2026,4.6,0.0,4.6
6214,精誠,TWSE,2015,4.977,0.0,4.977
6214,精誠,TWSE,2016,5.0,0.0,5.0
6214,精誠,TWSE,2017,5.0,0.0,5.0
6214,精誠,TWSE,2018,5.0,0.0,5.0
6214,精誠,TWSE,2019,5.0,0.0,5.0
6214,精誠,TWSE,2020,5.0,0.0,5.0
6214,精誠,TWSE,2021,5.0,0.0,5.0
6214,精誠,TWSE,2022,5.0,0.0,5.0
6214,精誠,TWSE,2023,5.0,0.0,5.0
6214,精誠,TWSE,2024,5.2,0.0,5.2
6214,精誠,TWSE,2025,5.2,0.0,5.2
6214,精誠,TWSE,2026,6.0,0.0,6.0
2542,興富發,TWSE,2015,4.0,3.0,7.0
2542,興富發,TWSE,2016,6.0,0.0,6.0
2542,興富發,TWSE,2017,5.0,0.0,5.0
2542,興富發,TWSE,2018,3.5,0.0,3.5
2542,興富發,TWSE,2019,4.5,0.0,4.5
2542,興富發,TWSE,2020,2.0,1.0,3.0
2542,興富發,TWSE,2021,2.0047,0.0,2.0047
2542,興富發,TWSE,2022,4.0065,1.0016,5.0081
2542,興富發,TWSE,2023,0.5,1.0,1.5
2542,興富發,TWSE,2024,0.5,1.0,1.5
2542,興富發,TWSE,2025,2.0,0.5,2.5
2542,興富發,TWSE,2026,4.0,0.0,4.0
6176,瑞儀,TWSE,2015,5.5,0.0,5.5
6176,瑞儀,TWSE,2016,4.5,0.0,4.5
6176,瑞儀,TWSE,2017,4.5,0.0,4.5
6176,瑞儀,TWSE,2018,4.8,0.0,4.8
6176,瑞儀,TWSE,2019,7.0,0.0,7.0
6176,瑞儀,TWSE,2020,8.0,0.0,8.0
6176,瑞儀,TWSE,2021,8.0,0.0,8.0
6176,瑞儀,TWSE,2022,8.0,0.0,8.0
6176,瑞儀,TWSE,2023,10.0,0.0,10.0
6176,瑞儀,TWSE,2024,10.0,0.0,10.0
6176,瑞儀,TWSE,2025,10.6092,0.0,10.6092
6176,瑞儀,TWSE,2026,3.5,0.0,3.5
6206,飛捷,TWSE,2015,5.9511,0.4959,6.4471
6206,飛捷,TWSE,2016,6.0,0.0,6.0
6206,飛捷,TWSE,2017,5.0,0.0,5.0
6206,飛捷,TWSE,2018,4.5,0.0,4.5
6206,飛捷,TWSE,2019,5.0,0.0,5.0
6206,飛捷,TWSE,2020,4.5,0.0,4.5
6206,飛捷,TWSE,2021,4.0,0.0,4.0
6206,飛捷,TWSE,2022,4.0,0.0,4.0
6206,飛捷,TWSE,2023,5.5,0.0,5.5
6206,飛捷,TWSE,2024,4.0,0.0,4.0
6206,飛捷,TWSE,2025,6.0,0.0,6.0
6206,飛捷,TWSE,2026,5.5,0.0,5.5
3583,辛耘,TWSE,2015,1.5151,0.0,1.5151
3583,辛耘,TWSE,2016,1.0,0.0,1.0
3583,辛耘,TWSE,2017,2.0202,0.0,2.0202
3583,辛耘,TWSE,2018,2.0,0.0,2.0
3583,辛耘,TWSE,2019,2.5,0.0,2.5
3583,辛耘,TWSE,2020,2.0,0.0,2.0
3583,辛耘,TWSE,2021,1.85,0.0,1.85
3583,辛耘,TWSE,2022,2.5,0.0,2.5
3583,辛耘,TWSE,2023,3.6,0.0,3.6
3583,辛耘,TWSE,2024,4.0,0.0,4.0
3583,辛耘,TWSE,2025,4.5,0.0,4.5
3583,辛耘,TWSE,2026,5.7476,0.0,5.7476
4919,新唐,TWSE,2015,1.2,0.0,1.2
4919,新唐,TWSE,2016,1.8,0.0,1.8
4919,新唐,TWSE,2017,2.4,0.0,2.4
4919,新唐,TWSE,2018,2.5,0.0,2.5
4919,新唐,TWSE,2019,2.5,0.0,2.5
4919,新唐,TWSE,2020,1.2,0.0,1.2
4919,新唐,TWSE,2021,0.758,0.0,0.758
4919,新唐,TWSE,2022,5.0,0.0,5.0
4919,新唐,TWSE,2023,7.0,0.0,7.0
4919,新唐,TWSE,2024,3.0,0.0,3.0
4919,新唐,TWSE,2025,0.4,0.0,0.4
3715,定穎投控,TWSE,2023,0.7998,0.0,0.7998
3715,定穎投控,TWSE,2024,1.5,0.0,1.5
3715,定穎投控,TWSE,2025,1.5,0.0,1.5
3715,定穎投控,TWSE,2026,1.08,0.0,1.08
2801,彰銀,TWSE,2015,0.2,0.7,0.9
2801,彰銀,TWSE,2016,0.35,0.6,0.95
2801,彰銀,TWSE,2017,0.42,0.5,0.92
2801,彰銀,TWSE,2018,0.45,0.4,0.85
2801,彰銀,TWSE,2019,0.64,0.2,0.84
2801,彰銀,TWSE,2020,0.4,0.4,0.8
2801,彰銀,TWSE,2021,0.36,0.1,0.46
2801,彰銀,TWSE,2022,0.5,0.1,0.6
2801,彰銀,TWSE,2023,0.55,0.25,0.8
2801,彰銀,TWSE,2024,0.55,0.32,0.87
2801,彰銀,TWSE,2025,0.5,0.5,1.0
2801,彰銀,TWSE,2026,0.8,0.25,1.05
5880,合庫金,TWSE,2015,0.5,0.5,1.0
5880,合庫金,TWSE,2016,0.3,0.7,1.0
5880,合庫金,TWSE,2017,0.75,0.3,1.05
5880,合庫金,TWSE,2018,0.75,0.3,1.05
5880,合庫金,TWSE,2019,0.75,0.3,1.05
5880,合庫金,TWSE,2020,0.85,0.3,1.15
5880,合庫金,TWSE,2021,0.85,0.2,1.05
5880,合庫金,TWSE,2022,1.0,0.3,1.3
5880,合庫金,TWSE,2023,0.5,0.5,1.0
5880,合庫金,TWSE,2024,0.65,0.35,1.0
5880,合庫金,TWSE,2025,0.7,0.3,1.0
5880,合庫金,TWSE,2026,0.8,0.25,1.05
1102,亞泥,TWSE,2015,2.2,0.0,2.2
1102,亞泥,TWSE,2016,1.1,0.0,1.1
1102,亞泥,TWSE,2017,0.9,0.0,0.9
1102,亞泥,TWSE,2018,1.2,0.0,1.2
1102,亞泥,TWSE,2019,2.8,0.0,2.8
1102,亞泥,TWSE,2020,3.0,0.0,3.0
1102,亞泥,TWSE,2021,3.4628,0.0,3.4628
1102,亞泥,TWSE,2022,3.3997,0.0,3.3997
1102,亞泥,TWSE,2023,2.2996,0.0,2.2996
1102,亞泥,TWSE,2024,2.1,0.0,2.1
1102,亞泥,TWSE,2025,2.2,0.0,2.2
1102,亞泥,TWSE,2026,2.3,0.0,2.3
1477,聚陽,TWSE,2015,7.6957,0.3498,8.0456
1477,聚陽,TWSE,2016,9.5117,0.3497,9.8613
1477,聚陽,TWSE,2017,6.7115,0.0,6.7115
1477,聚陽,TWSE,2018,6.0,0.0,6.0
1477,聚陽,TWSE,2019,7.1,0.5,7.6
1477,聚陽,TWSE,2020,5.0,0.0,5.0
1477,聚陽,TWSE,2021,8.0,0.0,8.0
1477,聚陽,TWSE,2022,9.5,0.0,9.5
1477,聚陽,TWSE,2023,14.5,0.0,14.5
1477,聚陽,TWSE,2024,23.4,0.2,23.6
1477,聚陽,TWSE,2025,16.1,0.0,16.1
1477,聚陽,TWSE,2026,15.0,0.0,15.0
2912,統一超,TWSE,2015,7.0,0.0,7.0
2912,統一超,TWSE,2016,7.2,0.0,7.2
2912,統一超,TWSE,2017,8.0,0.0,8.0
2912,統一超,TWSE,2018,25.0,0.0,25.0
2912,統一超,TWSE,2019,8.8,0.0,8.8
2912,統一超,TWSE,2020,9.0,0.0,9.0
2912,統一超,TWSE,2021,9.0,0.0,9.0
2912,統一超,TWSE,2022,9.0,0.0,9.0
2912,統一超,TWSE,2023,9.0,0.0,9.0
2912,統一超,TWSE,2024,9.0,0.0,9.0
2912,統一超,TWSE,2025,9.0,0.0,9.0
2912,統一超,TWSE,2026,9.0,0.0,9.0
2472,立隆電,TWSE,2015,1.8,0.0,1.8
2472,立隆電,TWSE,2016,2.5,0.0,2.5
2472,立隆電,TWSE,2017,2.4,0.0,2.4
2472,立隆電,TWSE,2018,2.2,0.0,2.2
2472,立隆電,TWSE,2019,2.3,0.0,2.3
2472,立隆電,TWSE,2020,1.5001,0.0,1.5001
2472,立隆電,TWSE,2021,2.9377,0.0,2.9377
2472,立隆電,TWSE,2022,3.1979,0.0,3.1979
2472,立隆電,TWSE,2023,3.4895,0.0,3.4895
2472,立隆電,TWSE,2024,2.8,0.0,2.8
2472,立隆電,TWSE,2025,3.1,0.0,3.1
2472,立隆電,TWSE,2026,3.5,0.0,3.5
6116,彩晶,TWSE,2017,0.5,0.0,0.5
6116,彩晶,TWSE,2018,0.5,0.0,0.5
6116,彩晶,TWSE,2019,0.3,0.0,0.3
6116,彩晶,TWSE,2021,0.5,0.0,0.5
6116,彩晶,TWSE,2022,0.9955,0.0,0.9955
2399,映泰,TWSE,2018,0.8,0.0,0.8
2399,映泰,TWSE,2021,0.4,0.0,0.4
2399,映泰,TWSE,2022,1.2,0.0,1.2
1513,中興電,TWSE,2015,1.2,0.0,1.2
1513,中興電,TWSE,2016,1.0,0.0,1.0
1513,中興電,TWSE,2017,1.0,0.0,1.0
1513,中興電,TWSE,2018,1.0,0.0,1.0
1513,中興電,TWSE,2019,1.0,0.0,1.0
1513,中興電,TWSE,2020,1.1966,0.0,1.1966
1513,中興電,TWSE,2021,2.2,0.0,2.2
1513,中興電,TWSE,2022,2.8,0.0,2.8
1513,中興電,TWSE,2023,3.3137,0.0,3.3137
1513,中興電,TWSE,2024,3.6,0.0,3.6
1513,中興電,TWSE,2025,4.6,0.0,4.6
1513,中興電,TWSE,2026,6.0,0.0,6.0
3149,正達,TWSE,2022,0.0,0.0,0.0
3149,正達,TWSE,2024,0.0,0.0,0.0
3149,正達,TWSE,2025,0.0,0.0,0.0
3149,正達,TWSE,2026,0.0,0.0,0.0
1709,和益,TWSE,2015,0.6,0.0,0.6
1709,和益,TWSE,2016,1.1791,0.0,1.1791
1709,和益,TWSE,2017,1.5055,0.3764,1.8818
1709,和益,TWSE,2018,1.4957,0.0,1.4957
1709,和益,TWSE,2019,0.4972,0.0,0.4972
1709,和益,TWSE,2020,0.5,0.0,0.5
1709,和益,TWSE,2021,1.2,0.0,1.2
1709,和益,TWSE,2022,1.7,0.0,1.7
1709,和益,TWSE,2023,1.8,0.0,1.8
1709,和益,TWSE,2024,0.6,0.0,0.6
1709,和益,TWSE,2025,0.8,0.0,0.8
1709,和益,TWSE,2026,1.0,0.0,1.0
9921,巨大,TWSE,2015,6.6,0.0,6.6
9921,巨大,TWSE,2016,6.2,0.0,6.2
9921,巨大,TWSE,2017,5.0,0.0,5.0
9921,巨大,TWSE,2018,3.5,0.0,3.5
9921,巨大,TWSE,2019,4.6,0.0,4.6
9921,巨大,TWSE,2020,4.6,0.0,4.6
9921,巨大,TWSE,2021,8.0,0.0,8.0
9921,巨大,TWSE,2022,10.0,0.0,10.0
9921,巨大,TWSE,2023,7.8,0.0,7.8
9921,巨大,TWSE,2024,5.0,0.0,5.0
9921,巨大,TWSE,2025,2.2,0.0,2.2
9921,巨大,TWSE,2026,1.8186,0.0,1.8186
1476,儒鴻,TWSE,2015,8.0,0.0,8.0
1476,儒鴻,TWSE,2016,10.5,0.0,10.5
1476,儒鴻,TWSE,2017,10.5,0.2,10.7
1476,儒鴻,TWSE,2018,9.5,0.0,9.5
1476,儒鴻,TWSE,2019,11.0,0.0,11.0
1476,儒鴻,TWSE,2020,11.0,0.0,11.0
1476,儒鴻,TWSE,2021,11.0,0.0,11.0
1476,儒鴻,TWSE,2022,12.0,0.0,12.0
1476,儒鴻,TWSE,2023,17.0,0.0,17.0
1476,儒鴻,TWSE,2024,13.5,0.0,13.5
1476,儒鴻,TWSE,2025,17.0,0.0,17.0
1476,儒鴻,TWSE,2026,15.0,0.0,15.0
5534,長虹,TWSE,2015,4.0,0.5,4.5
5534,長虹,TWSE,2016,2.8346,0.0,2.8346
5534,長虹,TWSE,2017,6.0,0.0,6.0
5534,長虹,TWSE,2018,6.2,0.0,6.2
5534,長虹,TWSE,2019,7.0,0.0,7.0
5534,長虹,TWSE,2020,6.3,0.0,6.3
5534,長虹,TWSE,2021,5.0,0.0,5.0
5534,長虹,TWSE,2022,4.4096,0.0,4.4096
5534,長虹,TWSE,2023,5.5,0.0,5.5
5534,長虹,TWSE,2024,5.5,0.0,5.5
5534,長虹,TWSE,2025,5.5,0.0,5.5
5534,長虹,TWSE,2026,5.0639,0.0,5.0639
2312,金寶,TWSE,2016,0.3,0.0,0.3
2312,金寶,TWSE,2017,0.3,0.0,0.3
2312,金寶,TWSE,2018,0.3085,0.0,0.3085
2312,金寶,TWSE,2019,0.3,0.0,0.3
2312,金寶,TWSE,2020,0.3059,0.0,0.3059
2312,金寶,TWSE,2021,0.2913,0.0,0.2913
2312,金寶,TWSE,2022,0.1984,0.0,0.1984
2312,金寶,TWSE,2023,0.2998,0.0,0.2998
2312,金寶,TWSE,2024,0.2998,0.0,0.2998
2312,金寶,TWSE,2025,0.5999,0.0,0.5999
2312,金寶,TWSE,2026,0.5999,0.0,0.5999
1717,長興,TWSE,2015,1.8,0.0,1.8
1717,長興,TWSE,2016,1.5,0.8,2.3
1717,長興,TWSE,2017,1.5,0.5,2.0
1717,長興,TWSE,2018,0.5,0.7,1.2
1717,長興,TWSE,2019,0.9,0.0,0.9
1717,長興,TWSE,2020,1.4,0.0,1.4
1717,長興,TWSE,2021,1.5,0.0,1.5
1717,長興,TWSE,2022,1.5,0.0,1.5
1717,長興,TWSE,2023,1.2,0.0,1.2
1717,長興,TWSE,2024,0.8,0.0,0.8
1717,長興,TWSE,2025,1.2,0.0,1.2
1717,長興,TWSE,2026,1.0,0.0,1.0
6168,宏齊,TWSE,2015,1.4,0.1,1.5
6168,宏齊,TWSE,2018,1.0,0.0,1.0
6168,宏齊,TWSE,2019,1.0,0.0,1.0
6168,宏齊,TWSE,2021,0.7,0.0,0.7
6168,宏齊,TWSE,2022,1.5,0.0,1.5
6168,宏齊,TWSE,2023,1.5022,0.0,1.5022
6168,宏齊,TWSE,2024,0.5,0.0,0.5
2458,義隆,TWSE,2015,3.6583,0.0,3.6583
2458,義隆,TWSE,2016,2.0324,0.0,2.0324
2458,義隆,TWSE,2017,1.57,0.0,1.57
2458,義隆,TWSE,2018,2.58,0.0,2.58
2458,義隆,TWSE,2019,5.0,0.0,5.0
2458,義隆,TWSE,2020,6.5,0.0,6.5
2458,義隆,TWSE,2021,9.0,0.0,9.0
2458,義隆,TWSE,2022,13.8117,0.0,13.8117
2458,義隆,TWSE,2023,8.1847,0.0,8.1847
2458,義隆,TWSE,2024,7.1223,0.0,7.1223
2458,義隆,TWSE,2025,6.4079,0.0,6.4079
2458,義隆,TWSE,2026,8.8505,0.0,8.8505
5388,中磊,TWSE,2015,2.9947,0.0,2.9947
5388,中磊,TWSE,2016,3.8544,0.0,3.8544
5388,中磊,TWSE,2017,4.2,0.0,4.2
5388,中磊,TWSE,2018,3.75,0.0,3.75
5388,中磊,TWSE,2019,2.4969,0.0,2.4969
5388,中磊,TWSE,2020,3.0243,0.0,3.0243
5388,中磊,TWSE,2021,2.6,0.0,2.6
5388,中磊,TWSE,2022,2.4,0.0,2.4
5388,中磊,TWSE,2023,4.5,0.0,4.5
5388,中磊,TWSE,2024,4.9999,0.0,4.9999
5388,中磊,TWSE,2025,4.6,0.0,4.6
5388,中磊,TWSE,2026,2.5,0.0,2.5
2476,鉅祥,TWSE,2015,1.5,0.0,1.5
2476,鉅祥,TWSE,2016,1.53,0.0,1.53
2476,鉅祥,TWSE,2017,1.7,0.0,1.7
2476,鉅祥,TWSE,2018,1.6,0.0,1.6
2476,鉅祥,TWSE,2019,1.26,0.0,1.26
2476,鉅祥,TWSE,2020,1.3,0.0,1.3
2476,鉅祥,TWSE,2021,1.2,0.0,1.2
2476,鉅祥,TWSE,2022,2.0784,0.0,2.0784
2476,鉅祥,TWSE,2023,2.3,0.0,2.3
2476,鉅祥,TWSE,2024,2.4767,0.0,2.4767
2476,鉅祥,TWSE,2025,3.4974,0.0,3.4974
2476,鉅祥,TWSE,2026,2.9731,0.0,2.9731
6197,佳必琪,TWSE,2015,2.2257,0.0,2.2257
6197,佳必琪,TWSE,2016,2.0,0.0,2.0
6197,佳必琪,TWSE,2017,1.2,0.0,1.2
6197,佳必琪,TWSE,2018,1.6758,0.0,1.6758
6197,佳必琪,TWSE,2019,2.0,0.0,2.0
6197,佳必琪,TWSE,2020,3.0,0.0,3.0
6197,佳必琪,TWSE,2021,2.9,0.0,2.9
6197,佳必琪,TWSE,2022,3.0,0.0,3.0
6197,佳必琪,TWSE,2023,3.2,0.0,3.2
6197,佳必琪,TWSE,2024,4.2,0.0,4.2
6197,佳必琪,TWSE,2025,7.0,0.0,7.0
6197,佳必琪,TWSE,2026,6.9233,0.0,6.9233
2465,麗臺,TWSE,2016,0.0,0.0,0.0
2465,麗臺,TWSE,2022,1.0,1.0,2.0
2465,麗臺,TWSE,2025,0.0,0.0,0.0
6282,康舒,TWSE,2015,1.5819,0.0,1.5819
6282,康舒,TWSE,2016,1.4959,0.0,1.4959
6282,康舒,TWSE,2017,1.4003,0.0,1.4003
6282,康舒,TWSE,2018,0.9,0.0,0.9
6282,康舒,TWSE,2019,1.0,0.0,1.0
6282,康舒,TWSE,2020,1.1,0.0,1.1
6282,康舒,TWSE,2021,1.2,0.0,1.2
6282,康舒,TWSE,2022,1.0,0.0,1.0
6282,康舒,TWSE,2023,0.1972,0.0,0.1972
6282,康舒,TWSE,2024,0.5003,0.0,0.5003
6282,康舒,TWSE,2025,0.5001,0.0,0.5001
6282,康舒,TWSE,2026,0.7999,0.0,0.7999
1795,美時,TWSE,2021,0.35,0.0,0.35
1795,美時,TWSE,2022,1.9312,0.0,1.9312
1795,美時,TWSE,2023,3.4599,0.0,3.4599
1795,美時,TWSE,2024,4.6475,0.0,4.6475
1795,美時,TWSE,2025,5.7786,0.0,5.7786
1795,美時,TWSE,2026,2.5653,0.1301,2.6954
2392,正崴,TWSE,2015,2.0,0.0,2.0
2392,正崴,TWSE,2016,2.0,0.0,2.0
2392,正崴,TWSE,2017,1.5,0.0,1.5
2392,正崴,TWSE,2018,2.0,0.0,2.0
2392,正崴,TWSE,2019,1.5,0.0,1.5
2392,正崴,TWSE,2020,2.5,0.0,2.5
2392,正崴,TWSE,2021,2.5,0.0,2.5
2392,正崴,TWSE,2022,1.5,0.0,1.5
2392,正崴,TWSE,2023,2.2,0.0,2.2
2392,正崴,TWSE,2024,2.0,0.0,2.0
2392,正崴,TWSE,2025,2.5,0.0,2.5
2392,正崴,TWSE,2026,1.0,0.0,1.0
4956,光鋐,TWSE,2015,0.5,0.0,0.5
4956,光鋐,TWSE,2018,0.5,0.0,0.5
4956,光鋐,TWSE,2022,0.4,0.0,0.4
3005,神基,TWSE,2015,1.3,0.0,1.3
3005,神基,TWSE,2016,1.998,0.0,1.998
3005,神基,TWSE,2017,2.9976,0.0,2.9976
3005,神基,TWSE,2018,2.4981,0.0,2.4981
3005,神基,TWSE,2019,2.9983,0.0,2.9983
3005,神基,TWSE,2020,2.796,0.0,2.796
3005,神基,TWSE,2021,3.5871,0.0,3.5871
3005,神基,TWSE,2022,3.5898,0.0,3.5898
3005,神基,TWSE,2023,3.7836,0.0,3.7836
3005,神基,TWSE,2024,4.9941,0.0,4.9941
3005,神基,TWSE,2025,5.986,0.0,5.986
3005,神基,TWSE,2026,6.7891,0.0,6.7891
6209,今國光,TWSE,2017,0.5,0.0,0.5
6209,今國光,TWSE,2021,0.0,0.0,0.0
6209,今國光,TWSE,2022,0.5,0.0,0.5
6209,今國光,TWSE,2023,0.6998,0.0,0.6998
6209,今國光,TWSE,2024,0.4999,0.0,0.4999
6209,今國光,TWSE,2026,0.4957,0.0,0.4957
2332,友訊,TWSE,2015,0.0,0.5,0.5
2332,友訊,TWSE,2016,0.3,0.0,0.3
2332,友訊,TWSE,2017,0.3,0.0,0.3
2332,友訊,TWSE,2019,0.2,0.0,0.2
2332,友訊,TWSE,2021,0.3,0.0,0.3
2332,友訊,TWSE,2022,0.3,0.0,0.3
2332,友訊,TWSE,2023,0.2246,0.0,0.2246
2332,友訊,TWSE,2024,0.5355,0.0,0.5355
2332,友訊,TWSE,2025,0.1,0.0,0.1
9958,世紀鋼,TWSE,2015,0.1,0.2,0.3
9958,世紀鋼,TWSE,2016,0.4,0.0,0.4
9958,世紀鋼,TWSE,2017,0.3,0.0,0.3
9958,世紀鋼,TWSE,2018,0.3,0.0,0.3
9958,世紀鋼,TWSE,2019,0.2999,0.0,0.2999
9958,世紀鋼,TWSE,2020,0.9927,0.0,0.9927
9958,世紀鋼,TWSE,2021,2.9833,0.0,2.9833
9958,世紀鋼,TWSE,2022,2.9891,0.0,2.9891
9958,世紀鋼,TWSE,2023,0.4942,0.0,0.4942
9958,世紀鋼,TWSE,2024,2.9119,0.0,2.9119
9958,世紀鋼,TWSE,2025,4.162,0.0,4.162
9958,世紀鋼,TWSE,2026,4.5,0.0,4.5
9945,潤泰新,TWSE,2015,3.9968,0.0,3.9968
9945,潤泰新,TWSE,2017,0.0,2.0,2.0
9945,潤泰新,TWSE,2018,2.0,0.0,2.0
9945,潤泰新,TWSE,2019,2.0,0.0,2.0
9945,潤泰新,TWSE,2020,1.0,5.0,6.0
9945,潤泰新,TWSE,2021,1.0,4.0,5.0
9945,潤泰新,TWSE,2022,2.0,5.0,7.0
9945,潤泰新,TWSE,2024,1.5,0.0,1.5
9945,潤泰新,TWSE,2025,1.1,0.0,1.1
9945,潤泰新,TWSE,2026,1.1,0.0,1.1
3413,京鼎,TWSE,2015,1.0,0.0,1.0
3413,京鼎,TWSE,2016,4.0,0.0,4.0
3413,京鼎,TWSE,2017,4.0,0.5,4.5
3413,京鼎,TWSE,2018,6.0,0.5,6.5
3413,京鼎,TWSE,2019,7.0,0.0,7.0
3413,京鼎,TWSE,2020,3.9988,0.0,3.9988
3413,京鼎,TWSE,2021,6.983,0.0,6.983
3413,京鼎,TWSE,2022,8.6916,0.0,8.6916
3413,京鼎,TWSE,2023,13.7877,0.0,13.7877
3413,京鼎,TWSE,2024,11.2999,0.0,11.2999
3413,京鼎,TWSE,2025,14.4249,0.0,14.4249
3413,京鼎,TWSE,2026,10.9838,0.0,10.9838
2369,菱生,TWSE,2015,0.5262,0.0,0.5262
2369,菱生,TWSE,2016,0.2631,0.0,0.2631
2369,菱生,TWSE,2017,0.5,0.0,0.5
2369,菱生,TWSE,2018,0.5,0.0,0.5
2369,菱生,TWSE,2019,0.1999,0.0,0.1999
2369,菱生,TWSE,2022,1.2891,0.0,1.2891
2369,菱生,TWSE,2023,0.3,0.0,0.3
2369,菱生,TWSE,2024,0.3,0.0,0.3
2369,菱生,TWSE,2025,0.3,0.0,0.3
2613,中櫃,TWSE,2015,0.18,0.68,0.86
2613,中櫃,TWSE,2016,0.04,0.12,0.16
2613,中櫃,TWSE,2017,0.07,0.2,0.27
2613,中櫃,TWSE,2018,0.33,0.0,0.33
2613,中櫃,TWSE,2019,0.2827,0.0,0.2827
2613,中櫃,TWSE,2020,0.17,0.0,0.17
2613,中櫃,TWSE,2021,0.2,0.0,0.2
2613,中櫃,TWSE,2022,1.65,0.0,1.65
2613,中櫃,TWSE,2023,1.05,0.0,1.05
2613,中櫃,TWSE,2024,0.6,0.0,0.6
2613,中櫃,TWSE,2025,1.0,0.0,1.0
2613,中櫃,TWSE,2026,1.0,0.0,1.0
2375,凱美,TWSE,2015,1.143,0.0,1.143
2375,凱美,TWSE,2016,0.0,0.0,0.0
2375,凱美,TWSE,2018,3.0,0.0,3.0
2375,凱美,TWSE,2019,3.0,0.0,3.0
2375,凱美,TWSE,2020,0.5,0.0,0.5
2375,凱美,TWSE,2021,2.0,0.0,2.0
2375,凱美,TWSE,2022,2.0,0.0,2.0
2375,凱美,TWSE,2023,1.5,0.0,1.5
2375,凱美,TWSE,2024,0.8,0.0,0.8
2375,凱美,TWSE,2025,1.5,0.0,1.5
2375,凱美,TWSE,2026,1.2,0.0,1.2
4916,事欣科,TWSE,2015,1.5,0.0,1.5
4916,事欣科,TWSE,2016,0.5,0.0,0.5
4916,事欣科,TWSE,2017,1.0,1.0,2.0
4916,事欣科,TWSE,2018,0.9891,0.0,0.9891
4916,事欣科,TWSE,2019,2.4727,0.0,2.4727
4916,事欣科,TWSE,2020,2.0,0.0,2.0
4916,事欣科,TWSE,2021,0.5,0.0,0.5
4916,事欣科,TWSE,2022,0.5,0.0,0.5
4916,事欣科,TWSE,2023,0.3763,0.0,0.3763
4916,事欣科,TWSE,2024,0.4,0.0,0.4
4916,事欣科,TWSE,2025,0.3756,0.0,0.3756
4916,事欣科,TWSE,2026,0.4985,0.0,0.4985
4576,大銀微系統,TWSE,2019,0.8,0.0,0.8
4576,大銀微系統,TWSE,2020,0.04,0.06,0.1
4576,大銀微系統,TWSE,2021,0.3,0.1,0.4
4576,大銀微系統,TWSE,2022,1.0,0.0,1.0
4576,大銀微系統,TWSE,2023,1.0,0.0,1.0
4576,大銀微系統,TWSE,2024,0.1,0.0,0.1
4576,大銀微系統,TWSE,2025,0.2,0.0,0.2
4576,大銀微系統,TWSE,2026,0.8,0.0,0.8
2466,冠西電,TWSE,2015,0.0,0.0,0.0
2466,冠西電,TWSE,2021,0.0,0.2991,0.2991
2466,冠西電,TWSE,2022,0.0,0.4,0.4
2466,冠西電,TWSE,2023,0.19,0.2,0.39
2915,潤泰全,TWSE,2015,6.0,0.0,6.0
2915,潤泰全,TWSE,2016,1.6,0.0,1.6
2915,潤泰全,TWSE,2017,0.79,0.0,0.79
2915,潤泰全,TWSE,2018,4.0,0.0,4.0
2915,潤泰全,TWSE,2019,5.5,0.0,5.5
2915,潤泰全,TWSE,2020,5.0,0.0,5.0
2915,潤泰全,TWSE,2021,2.0,3.0,5.0
2915,潤泰全,TWSE,2022,5.0,0.0,5.0
2915,潤泰全,TWSE,2023,2.0,0.0,2.0
2915,潤泰全,TWSE,2024,2.5,0.0,2.5
2915,潤泰全,TWSE,2025,2.5,0.0,2.5
2915,潤泰全,TWSE,2026,1.9,0.0,1.9
2436,偉詮電,TWSE,2015,0.9,0.0,0.9
2436,偉詮電,TWSE,2016,0.5,0.0,0.5
2436,偉詮電,TWSE,2017,0.4988,0.0,0.4988
2436,偉詮電,TWSE,2018,0.6,0.0,0.6
2436,偉詮電,TWSE,2019,1.0002,0.0,1.0002
2436,偉詮電,TWSE,2020,1.5,0.0,1.5
2436,偉詮電,TWSE,2021,1.6,0.0,1.6
2436,偉詮電,TWSE,2022,3.0,0.0,3.0
2436,偉詮電,TWSE,2023,1.2,0.0,1.2
2436,偉詮電,TWSE,2024,1.2068,0.0,1.2068
2436,偉詮電,TWSE,2025,1.5,0.0,1.5
2436,偉詮電,TWSE,2026,1.9567,0.0,1.9567
6706,惠特,TWSE,2019,3.9712,0.0,3.9712
6706,惠特,TWSE,2020,3.9742,0.0,3.9742
6706,惠特,TWSE,2021,4.0,0.0,4.0
6706,惠特,TWSE,2022,10.0,0.0,10.0
6706,惠特,TWSE,2023,3.5,0.0,3.5
6706,惠特,TWSE,2024,0.0,0.0,0.0
2636,台驊控股,TWSE,2015,1.3025,0.3256,1.6281
2636,台驊控股,TWSE,2016,1.7964,0.1996,1.996
2636,台驊控股,TWSE,2017,0.8,0.0,0.8
2636,台驊控股,TWSE,2018,1.3,0.0,1.3
2636,台驊控股,TWSE,2019,2.2,0.0,2.2
2636,台驊控股,TWSE,2020,1.3177,0.0,1.3177
2636,台驊控股,TWSE,2021,3.0157,0.0,3.0157
2636,台驊控股,TWSE,2022,13.0,0.0,13.0
2636,台驊控股,TWSE,2023,13.1779,0.0,13.1779
2636,台驊控股,TWSE,2024,6.5,0.0,6.5
2636,台驊控股,TWSE,2025,3.0,0.0,3.0
2636,台驊控股,TWSE,2026,5.0,0.0,5.0
2352,佳世達,TWSE,2015,0.6,0.0,0.6
2352,佳世達,TWSE,2016,0.55,0.0,0.55
2352,佳世達,TWSE,2017,1.32,0.0,1.32
2352,佳世達,TWSE,2018,1.35,0.0,1.35
2352,佳世達,TWSE,2019,0.85,0.0,0.85
2352,佳世達,TWSE,2020,0.75,0.0,0.75
2352,佳世達,TWSE,2021,1.5,0.0,1.5
2352,佳世達,TWSE,2022,2.5,0.0,2.5
2352,佳世達,TWSE,2023,2.0,0.0,2.0
2352,佳世達,TWSE,2024,1.2,0.0,1.2
2352,佳世達,TWSE,2025,1.11,0.0,1.11
2352,佳世達,TWSE,2026,1.0,0.0,1.0
2353,宏碁,TWSE,2015,0.0,0.0,0.0
2353,宏碁,TWSE,2016,0.5,0.0,0.5
2353,宏碁,TWSE,2017,0.5,0.0,0.5
2353,宏碁,TWSE,2018,0.7,0.0,0.7
2353,宏碁,TWSE,2019,0.77,0.0,0.77
2353,宏碁,TWSE,2020,0.7768,0.0,0.7768
2353,宏碁,TWSE,2021,1.5,0.0,1.5
2353,宏碁,TWSE,2022,2.28,0.0,2.28
2353,宏碁,TWSE,2023,1.5,0.0,1.5
2353,宏碁,TWSE,2024,1.6,0.0,1.6
2353,宏碁,TWSE,2025,1.7,0.0,1.7
2353,宏碁,TWSE,2026,1.3,0.0,1.3
3596,智易,TWSE,2015,2.2,0.0,2.2
3596,智易,TWSE,2016,1.6,0.0,1.6
3596,智易,TWSE,2017,3.9,0.0,3.9
3596,智易,TWSE,2018,2.0,0.0,2.0
3596,智易,TWSE,2019,3.5,0.0,3.5
3596,智易,TWSE,2020,4.7001,0.0,4.7001
3596,智易,TWSE,2021,6.4985,0.0,6.4985
3596,智易,TWSE,2022,6.709,0.0,6.709
3596,智易,TWSE,2023,6.5,0.0,6.5
3596,智易,TWSE,2024,7.0,0.0,7.0
3596,智易,TWSE,2025,7.5,0.0,7.5
3596,智易,TWSE,2026,9.0,0.0,9.0
2347,聯強,TWSE,2015,3.3,0.0,3.3
2347,聯強,TWSE,2016,1.5,0.5,2.0
2347,聯強,TWSE,2017,1.0,0.0,1.0
2347,聯強,TWSE,2018,2.2,0.0,2.2
2347,聯強,TWSE,2019,2.0,0.0,2.0
2347,聯強,TWSE,2020,2.6,0.0,2.6
2347,聯強,TWSE,2021,3.3,0.0,3.3
2347,聯強,TWSE,2022,5.0,0.0,5.0
2347,聯強,TWSE,2023,3.5,0.0,3.5
2347,聯強,TWSE,2024,3.0,0.0,3.0
2347,聯強,TWSE,2025,4.0,0.0,4.0
2347,聯強,TWSE,2026,4.2,0.0,4.2
3030,德律,TWSE,2015,4.3,0.0,4.3
3030,德律,TWSE,2016,4.0,0.0,4.0
3030,德律,TWSE,2017,3.0,0.0,3.0
3030,德律,TWSE,2018,3.0,0.0,3.0
3030,德律,TWSE,2019,3.7,0.0,3.7
3030,德律,TWSE,2020,3.3,0.0,3.3
3030,德律,TWSE,2021,3.3,0.0,3.3
3030,德律,TWSE,2022,3.3,0.0,3.3
3030,德律,TWSE,2023,4.5,0.0,4.5
3030,德律,TWSE,2024,3.3,0.0,3.3
3030,德律,TWSE,2025,5.0,0.0,5.0
3030,德律,TWSE,2026,7.0,0.0,7.0
6456,GIS-KY,TWSE,2016,3.0,0.0,3.0
6456,GIS-KY,TWSE,2017,4.0,0.0,4.0
6456,GIS-KY,TWSE,2018,9.0,0.0,9.0
6456,GIS-KY,TWSE,2019,4.0,0.0,4.0
6456,GIS-KY,TWSE,2020,3.5,0.0,3.5
6456,GIS-KY,TWSE,2021,4.0,0.0,4.0
6456,GIS-KY,TWSE,2022,5.0,0.0,5.0
6456,GIS-KY,TWSE,2023,3.5,0.0,3.5
2367,燿華,TWSE,2015,0.7029,0.0,0.7029
2367,燿華,TWSE,2016,0.7,0.0,0.7
2367,燿華,TWSE,2018,0.3,0.2,0.5
2367,燿華,TWSE,2019,0.4,0.0,0.4
2367,燿華,TWSE,2020,0.8,0.0,0.8
2367,燿華,TWSE,2022,0.0,0.0,0.0
2367,燿華,TWSE,2023,0.3,0.0,0.3
2367,燿華,TWSE,2024,0.0,0.0,0.0
2367,燿華,TWSE,2025,0.7031,0.0,0.7031
2367,燿華,TWSE,2026,0.2,0.0,0.2
7788,松川精密,TWSE,2025,2.5,0.0,2.5
7788,松川精密,TWSE,2026,2.0,0.0,2.0
3035,智原,TWSE,2015,1.5183,0.0,1.5183
3035,智原,TWSE,2016,2.0,0.0,2.0
3035,智原,TWSE,2017,1.0,0.0,1.0
3035,智原,TWSE,2018,2.7,0.0,2.7
3035,智原,TWSE,2019,0.8,0.0,0.8
3035,智原,TWSE,2020,1.1,0.0,1.1
3035,智原,TWSE,2021,1.0,0.0,1.0
3035,智原,TWSE,2022,3.3,0.0,3.3
3035,智原,TWSE,2023,5.0,0.0,5.0
3035,智原,TWSE,2024,4.2927,0.0,4.2927
3035,智原,TWSE,2025,3.0,0.0,3.0
3035,智原,TWSE,2026,1.8,0.0,1.8
3617,碩天,TWSE,2015,4.2339,0.0,4.2339
3617,碩天,TWSE,2016,4.5,0.0,4.5
3617,碩天,TWSE,2017,4.75,0.0,4.75
3617,碩天,TWSE,2018,5.0,0.0,5.0
3617,碩天,TWSE,2019,5.3,0.0,5.3
3617,碩天,TWSE,2020,5.35,0.0,5.35
3617,碩天,TWSE,2021,5.4,0.0,5.4
3617,碩天,TWSE,2022,1.0,0.0,1.0
3617,碩天,TWSE,2023,5.0,0.5,5.5
3617,碩天,TWSE,2024,7.9246,0.0,7.9246
3617,碩天,TWSE,2025,15.0,0.0,15.0
3617,碩天,TWSE,2026,9.9371,0.0,9.9371
3563,牧德,TWSE,2015,3.627,0.0,3.627
3563,牧德,TWSE,2016,3.6,0.0,3.6
3563,牧德,TWSE,2017,4.2,0.0,4.2
3563,牧德,TWSE,2018,10.0,0.0,10.0
3563,牧德,TWSE,2019,27.0,0.0,27.0
3563,牧德,TWSE,2020,13.0,0.0,13.0
3563,牧德,TWSE,2021,11.0,0.0,11.0
3563,牧德,TWSE,2022,12.0,0.0,12.0
3563,牧德,TWSE,2023,8.0,0.0,8.0
3563,牧德,TWSE,2024,7.0,0.0,7.0
3563,牧德,TWSE,2025,6.0,1.0,7.0
3563,牧德,TWSE,2026,12.0,0.0,12.0
1503,士電,TWSE,2015,1.5,0.0,1.5
1503,士電,TWSE,2016,1.5,0.0,1.5
1503,士電,TWSE,2017,1.2,0.0,1.2
1503,士電,TWSE,2018,1.3,0.0,1.3
1503,士電,TWSE,2019,1.5,0.0,1.5
1503,士電,TWSE,2020,1.6,0.0,1.6
1503,士電,TWSE,2021,1.6,0.0,1.6
1503,士電,TWSE,2022,1.8,0.0,1.8
1503,士電,TWSE,2023,2.0,0.0,2.0
1503,士電,TWSE,2024,3.0,0.0,3.0
1503,士電,TWSE,2025,4.5,0.0,4.5
1503,士電,TWSE,2026,5.0,0.0,5.0
6449,鈺邦,TWSE,2015,1.6,0.0,1.6
6449,鈺邦,TWSE,2016,1.6,0.0,1.6
6449,鈺邦,TWSE,2017,1.8,0.0,1.8
6449,鈺邦,TWSE,2018,1.854,0.0,1.854
6449,鈺邦,TWSE,2019,0.9851,0.0,0.9851
6449,鈺邦,TWSE,2020,1.0,0.0,1.0
6449,鈺邦,TWSE,2021,1.9,0.0,1.9
6449,鈺邦,TWSE,2022,2.0,0.0,2.0
6449,鈺邦,TWSE,2023,2.3,0.0,2.3
6449,鈺邦,TWSE,2024,2.3,0.0,2.3
6449,鈺邦,TWSE,2025,3.4818,0.0,3.4818
6449,鈺邦,TWSE,2026,4.2009,0.0,4.2009
9914,美利達,TWSE,2015,6.8,0.0,6.8
9914,美利達,TWSE,2016,5.5,0.0,5.5
9914,美利達,TWSE,2017,4.0,0.0,4.0
9914,美利達,TWSE,2018,2.0,0.0,2.0
9914,美利達,TWSE,2019,3.5,0.0,3.5
9914,美利達,TWSE,2020,4.2,0.0,4.2
9914,美利達,TWSE,2021,7.0,0.0,7.0
9914,美利達,TWSE,2022,8.0,0.0,8.0
9914,美利達,TWSE,2023,7.0,0.0,7.0
9914,美利達,TWSE,2024,6.0,0.0,6.0
9914,美利達,TWSE,2025,4.0,0.0,4.0
9914,美利達,TWSE,2026,2.8,0.0,2.8
9904,寶成,TWSE,2015,1.5,0.0,1.5
9904,寶成,TWSE,2016,1.5,0.0,1.5
9904,寶成,TWSE,2017,1.5,0.0,1.5
9904,寶成,TWSE,2018,2.0,0.0,2.0
9904,寶成,TWSE,2019,1.5,0.0,1.5
9904,寶成,TWSE,2020,1.25,0.0,1.25
9904,寶成,TWSE,2021,0.5,0.0,0.5
9904,寶成,TWSE,2022,1.5,0.0,1.5
9904,寶成,TWSE,2023,1.3,0.0,1.3
9904,寶成,TWSE,2024,1.1,0.0,1.1
9904,寶成,TWSE,2025,1.7,0.0,1.7
9904,寶成,TWSE,2026,1.3,0.0,1.3
2385,群光,TWSE,2015,4.65,0.05,4.7
2385,群光,TWSE,2016,4.3,0.05,4.35
2385,群光,TWSE,2017,4.25,0.05,4.3
2385,群光,TWSE,2018,4.45,0.05,4.5
2385,群光,TWSE,2019,3.8,0.0,3.8
2385,群光,TWSE,2020,5.9,0.0,5.9
2385,群光,TWSE,2021,5.5,0.0,5.5
2385,群光,TWSE,2022,6.1,0.0,6.1
2385,群光,TWSE,2023,7.5,0.0,7.5
2385,群光,TWSE,2024,7.8,0.0,7.8
2385,群光,TWSE,2025,10.0,0.0,10.0
2385,群光,TWSE,2026,7.2,0.0,7.2
1319,東陽,TWSE,2015,0.74,0.0,0.74
1319,東陽,TWSE,2016,1.4,0.0,1.4
1319,東陽,TWSE,2017,2.12,0.0,2.12
1319,東陽,TWSE,2018,2.05,0.0,2.05
1319,東陽,TWSE,2019,1.7,0.0,1.7
1319,東陽,TWSE,2020,1.8,0.0,1.8
1319,東陽,TWSE,2021,0.8,0.0,0.8
1319,東陽,TWSE,2022,0.85,0.0,0.85
1319,東陽,TWSE,2023,2.5,0.0,2.5
1319,東陽,TWSE,2024,4.0,0.0,4.0
1319,東陽,TWSE,2025,5.3,0.0,5.3
1319,東陽,TWSE,2026,5.0,0.0,5.0
5434,崇越,TWSE,2015,3.7,0.3,4.0
5434,崇越,TWSE,2016,3.9,0.2,4.1
5434,崇越,TWSE,2017,5.0,0.0,5.0
5434,崇越,TWSE,2018,4.2,0.0,4.2
5434,崇越,TWSE,2019,5.3,0.0,5.3
5434,崇越,TWSE,2020,6.5,0.0,6.5
5434,崇越,TWSE,2021,8.0,0.0,8.0
5434,崇越,TWSE,2022,8.8,0.0,8.8
5434,崇越,TWSE,2023,10.0,0.0,10.0
5434,崇越,TWSE,2024,9.9966,0.0,9.9966
5434,崇越,TWSE,2025,11.9856,0.0,11.9856
5434,崇越,TWSE,2026,13.4181,0.0,13.4181
1718,中纖,TWSE,2016,0.1,0.5,0.6
1718,中纖,TWSE,2018,0.1,0.65,0.75
1718,中纖,TWSE,2019,0.1,0.65,0.75
1718,中纖,TWSE,2021,0.1,0.4,0.5
2009,第一銅,TWSE,2015,0.4,0.0,0.4
2009,第一銅,TWSE,2021,0.8,0.0,0.8
2009,第一銅,TWSE,2022,1.0,0.0,1.0
2009,第一銅,TWSE,2023,0.4,0.0,0.4
2009,第一銅,TWSE,2025,0.5,0.0,0.5
2009,第一銅,TWSE,2026,0.4,0.0,0.4
6533,晶心科,TWSE,2016,0.0,0.3,0.3
6533,晶心科,TWSE,2018,0.0,0.5,0.5
6533,晶心科,TWSE,2019,0.6971,0.0,0.6971
6533,晶心科,TWSE,2020,0.3401,0.0,0.3401
6533,晶心科,TWSE,2021,0.7415,0.0,0.7415
6533,晶心科,TWSE,2022,2.8489,0.0,2.8489
6533,晶心科,TWSE,2023,1.5,0.0,1.5
6533,晶心科,TWSE,2025,0.0,0.0,0.0
6533,晶心科,TWSE,2026,0.0,0.0,0.0
2485,兆赫,TWSE,2015,1.5,0.0,1.5
2485,兆赫,TWSE,2016,2.0,0.0,2.0
2485,兆赫,TWSE,2017,1.4,0.0,1.4
2485,兆赫,TWSE,2018,0.4,0.0,0.4
2485,兆赫,TWSE,2019,0.5,0.0,0.5
1409,新纖,TWSE,2015,0.4278,0.0,0.4278
1409,新纖,TWSE,2016,0.25,0.0,0.25
1409,新纖,TWSE,2017,0.25,0.0,0.25
1409,新纖,TWSE,2018,0.5,0.0,0.5
1409,新纖,TWSE,2019,0.85,0.0,0.85
1409,新纖,TWSE,2020,0.55,0.0,0.55
1409,新纖,TWSE,2021,1.1,0.0,1.1
1409,新纖,TWSE,2022,1.4,0.0,1.4
1409,新纖,TWSE,2023,1.0,0.0,1.0
1409,新纖,TWSE,2024,0.55,0.0,0.55
1409,新纖,TWSE,2025,0.6,0.0,0.6
1409,新纖,TWSE,2026,0.9,0.0,0.9
2428,興勤,TWSE,2015,2.0974,0.0,2.0974
2428,興勤,TWSE,2016,2.5,0.0,2.5
2428,興勤,TWSE,2017,3.3,0.0,3.3
2428,興勤,TWSE,2018,4.0,0.0,4.0
2428,興勤,TWSE,2019,3.8,0.0,3.8
2428,興勤,TWSE,2020,4.2,0.0,4.2
2428,興勤,TWSE,2021,5.5,0.0,5.5
2428,興勤,TWSE,2022,6.3,0.0,6.3
2428,興勤,TWSE,2023,5.4,0.0,5.4
2428,興勤,TWSE,2024,5.2,0.0,5.2
2428,興勤,TWSE,2025,6.1,0.0,6.1
2428,興勤,TWSE,2026,5.9,0.0,5.9
6141,柏承,TWSE,2015,0.3,0.0,0.3
6141,柏承,TWSE,2016,0.3,0.0,0.3
6141,柏承,TWSE,2017,0.3,0.0,0.3
6141,柏承,TWSE,2018,0.5,0.0,0.5
6141,柏承,TWSE,2019,0.1,0.0,0.1
6141,柏承,TWSE,2020,0.4033,0.0,0.4033
6141,柏承,TWSE,2021,0.5,0.0,0.5
6141,柏承,TWSE,2022,1.0132,0.0,1.0132
2851,中再保,TWSE,2015,1.2,0.0,1.2
2851,中再保,TWSE,2016,0.7,0.0,0.7
2851,中再保,TWSE,2017,0.5,0.0,0.5
2851,中再保,TWSE,2018,1.0,0.5,1.5
2851,中再保,TWSE,2019,0.9,0.0,0.9
2851,中再保,TWSE,2020,0.9,0.0,0.9
2851,中再保,TWSE,2021,1.3,0.0,1.3
2851,中再保,TWSE,2022,1.8,0.0,1.8
2851,中再保,TWSE,2024,1.4,0.0,1.4
2851,中再保,TWSE,2025,1.9,0.0,1.9
2851,中再保,TWSE,2026,2.2,0.0,2.2
8464,億豐,TWSE,2015,0.0,1.4646,1.4646
8464,億豐,TWSE,2016,8.0776,0.0,8.0776
8464,億豐,TWSE,2017,10.0,0.0,10.0
8464,億豐,TWSE,2018,10.0,0.0,10.0
8464,億豐,TWSE,2019,10.0,0.0,10.0
8464,億豐,TWSE,2020,10.0,0.0,10.0
8464,億豐,TWSE,2021,10.0,0.0,10.0
8464,億豐,TWSE,2022,11.0,0.0,11.0
8464,億豐,TWSE,2023,11.0,0.0,11.0
8464,億豐,TWSE,2024,12.0,0.0,12.0
8464,億豐,TWSE,2025,14.5,0.0,14.5
8464,億豐,TWSE,2026,16.0,0.0,16.0
2421,建準,TWSE,2015,1.2,0.0,1.2
2421,建準,TWSE,2016,1.5,0.0,1.5
2421,建準,TWSE,2017,2.0,0.0,2.0
2421,建準,TWSE,2018,2.3,0.0,2.3
2421,建準,TWSE,2019,2.0,0.0,2.0
2421,建準,TWSE,2020,2.0,0.0,2.0
2421,建準,TWSE,2021,2.4,0.0,2.4
2421,建準,TWSE,2022,1.2,0.0,1.2
2421,建準,TWSE,2023,2.6,0.0,2.6
2421,建準,TWSE,2024,3.5,0.0,3.5
2421,建準,TWSE,2025,3.7123,0.0,3.7123
2421,建準,TWSE,2026,5.2404,0.0,5.2404
1714,和桐,TWSE,2016,0.0,0.3,0.3
1714,和桐,TWSE,2017,0.0,0.35,0.35
1714,和桐,TWSE,2018,0.3,0.0,0.3
1714,和桐,TWSE,2019,0.15,0.0,0.15
1714,和桐,TWSE,2021,0.7,0.0,0.7
1714,和桐,TWSE,2022,0.42,0.0,0.42
1714,和桐,TWSE,2023,0.1,0.0,0.1
1714,和桐,TWSE,2024,0.3,0.0,0.3
1714,和桐,TWSE,2025,0.205,0.0,0.205
1714,和桐,TWSE,2026,0.18,0.0,0.18
2354,鴻準,TWSE,2015,2.5,0.1,2.6
2354,鴻準,TWSE,2016,3.0,0.1,3.1
2354,鴻準,TWSE,2017,3.8,0.0,3.8
2354,鴻準,TWSE,2018,3.6,0.0,3.6
2354,鴻準,TWSE,2019,3.2,0.0,3.2
2354,鴻準,TWSE,2020,2.5,0.0,2.5
2354,鴻準,TWSE,2021,1.8,0.0,1.8
2354,鴻準,TWSE,2022,1.7,0.0,1.7
2354,鴻準,TWSE,2023,1.6,0.0,1.6
2354,鴻準,TWSE,2024,1.5,0.0,1.5
2354,鴻準,TWSE,2025,1.4,0.0,1.4
2354,鴻準,TWSE,2026,1.5,0.0,1.5
2316,楠梓電,TWSE,2015,1.5,0.0,1.5
2316,楠梓電,TWSE,2016,4.5,0.0,4.5
2316,楠梓電,TWSE,2019,1.0,0.0,1.0
2316,楠梓電,TWSE,2020,0.5,0.0,0.5
2316,楠梓電,TWSE,2021,1.5,0.0,1.5
2316,楠梓電,TWSE,2022,1.0,0.0,1.0
2316,楠梓電,TWSE,2023,0.5,0.0,0.5
2316,楠梓電,TWSE,2024,0.5,0.0,0.5
2316,楠梓電,TWSE,2025,0.5,0.0,0.5
2316,楠梓電,TWSE,2026,2.0,0.0,2.0
6269,台郡,TWSE,2015,2.0738,0.4148,2.4885
6269,台郡,TWSE,2016,4.4917,0.4991,4.9908
6269,台郡,TWSE,2017,4.456,0.4951,4.9512
6269,台郡,TWSE,2018,5.0153,0.0,5.0153
6269,台郡,TWSE,2019,4.995,0.0,4.995
6269,台郡,TWSE,2020,4.9748,0.0,4.9748
6269,台郡,TWSE,2021,5.1166,0.0,5.1166
6269,台郡,TWSE,2022,5.0,0.0,5.0
6269,台郡,TWSE,2023,5.0002,0.0,5.0002
6269,台郡,TWSE,2024,5.0,0.0,5.0
2617,台航,TWSE,2015,0.65,0.0,0.65
2617,台航,TWSE,2016,0.22,0.0,0.22
2617,台航,TWSE,2018,0.7,0.0,0.7
2617,台航,TWSE,2019,1.3,0.0,1.3
2617,台航,TWSE,2020,0.8,0.0,0.8
2617,台航,TWSE,2021,0.9,0.0,0.9
2617,台航,TWSE,2022,2.0,0.0,2.0
2617,台航,TWSE,2023,2.2,0.0,2.2
2617,台航,TWSE,2024,1.6,0.0,1.6
2617,台航,TWSE,2025,1.5,0.0,1.5
2617,台航,TWSE,2026,1.5,0.0,1.5
2388,威盛,TWSE,2019,0.0,0.0,0.0
2388,威盛,TWSE,2021,0.8,0.0,0.8
2388,威盛,TWSE,2022,0.9998,0.0,0.9998
2388,威盛,TWSE,2023,0.15,0.0,0.15
2388,威盛,TWSE,2024,0.1,0.0,0.1
2388,威盛,TWSE,2025,0.2,0.0,0.2
2388,威盛,TWSE,2026,0.05,0.0,0.05
6224,聚鼎,TWSE,2015,4.2,0.0,4.2
6224,聚鼎,TWSE,2016,4.3,0.0,4.3
6224,聚鼎,TWSE,2017,4.55,0.0,4.55
6224,聚鼎,TWSE,2018,3.0,0.0,3.0
6224,聚鼎,TWSE,2019,3.75,0.0,3.75
6224,聚鼎,TWSE,2020,4.0,0.0,4.0
6224,聚鼎,TWSE,2021,4.25,0.0,4.25
6224,聚鼎,TWSE,2022,4.25,0.0,4.25
6224,聚鼎,TWSE,2023,1.5,0.0,1.5
6224,聚鼎,TWSE,2024,1.5,0.0,1.5
6224,聚鼎,TWSE,2025,1.75,0.0,1.75
6224,聚鼎,TWSE,2026,1.25,0.0,1.25
3023,信邦,TWSE,2015,2.7519,0.1966,2.9485
3023,信邦,TWSE,2016,3.0988,0.2999,3.3987
3023,信邦,TWSE,2017,3.7,0.0,3.7
3023,信邦,TWSE,2018,4.0,0.0,4.0
3023,信邦,TWSE,2019,4.4771,0.0,4.4771
3023,信邦,TWSE,2020,5.3,0.0,5.3
3023,信邦,TWSE,2021,6.2881,0.0,6.2881
3023,信邦,TWSE,2022,6.9583,0.0,6.9583
3023,信邦,TWSE,2023,8.4613,0.0,8.4613
3023,信邦,TWSE,2024,9.5986,0.0,9.5986
3023,信邦,TWSE,2025,10.25,0.0,10.25
3023,信邦,TWSE,2026,10.0,0.0,10.0
6409,旭隼,TWSE,2015,10.8046,0.5002,11.3048
6409,旭隼,TWSE,2016,15.0036,0.5001,15.5038
6409,旭隼,TWSE,2017,20.0043,0.0,20.0043
6409,旭隼,TWSE,2018,20.0008,0.0,20.0008
6409,旭隼,TWSE,2019,21.0,0.5,21.5
6409,旭隼,TWSE,2020,23.2078,0.5002,23.708
6409,旭隼,TWSE,2021,23.5043,0.0,23.5043
6409,旭隼,TWSE,2022,23.553,0.0,23.553
6409,旭隼,TWSE,2023,43.5089,0.0,43.5089
6409,旭隼,TWSE,2024,37.5036,0.0,37.5036
6409,旭隼,TWSE,2025,43.0045,0.0,43.0045
6409,旭隼,TWSE,2026,36.7702,0.0,36.7702
7822,倍利科,TWSE,2026,6.3854,0.0,6.3854
5876,上海商銀,TWSE,2015,1.5,0.5,2.0
5876,上海商銀,TWSE,2016,1.5,0.2,1.7
5876,上海商銀,TWSE,2017,1.5,0.0,1.5
5876,上海商銀,TWSE,2018,1.8,0.0,1.8
5876,上海商銀,TWSE,2019,2.0,0.0,2.0
5876,上海商銀,TWSE,2020,2.05,0.0,2.05
5876,上海商銀,TWSE,2021,1.7,0.0,1.7
5876,上海商銀,TWSE,2022,1.8,0.0,1.8
5876,上海商銀,TWSE,2023,1.8,0.0,1.8
5876,上海商銀,TWSE,2024,1.8,0.0,1.8
5876,上海商銀,TWSE,2025,1.8,0.0,1.8
5876,上海商銀,TWSE,2026,1.8,0.1,1.9
9941,裕融,TWSE,2015,5.0962,0.0,5.0962
9941,裕融,TWSE,2016,4.7222,0.0,4.7222
9941,裕融,TWSE,2017,4.81,0.0,4.81
9941,裕融,TWSE,2018,5.9,0.0,5.9
9941,裕融,TWSE,2019,5.5,1.0,6.5
9941,裕融,TWSE,2020,4.5,1.0,5.5
9941,裕融,TWSE,2021,4.7,1.5,6.2
9941,裕融,TWSE,2022,5.5,1.7,7.2
9941,裕融,TWSE,2023,5.6,1.0,6.6
9941,裕融,TWSE,2024,6.1,0.0,6.1
9941,裕融,TWSE,2025,4.38,0.5,4.88
9941,裕融,TWSE,2026,4.38,0.2,4.58
6525,捷敏-KY,TWSE,2016,3.3,0.0,3.3
6525,捷敏-KY,TWSE,2017,3.8,0.0,3.8
6525,捷敏-KY,TWSE,2018,3.0,1.0,4.0
6525,捷敏-KY,TWSE,2019,4.0,1.0,5.0
6525,捷敏-KY,TWSE,2020,3.5,0.0,3.5
6525,捷敏-KY,TWSE,2021,4.5,0.0,4.5
6525,捷敏-KY,TWSE,2022,5.5,0.0,5.5
6525,捷敏-KY,TWSE,2023,5.5,0.0,5.5
6525,捷敏-KY,TWSE,2024,3.5,0.0,3.5
6525,捷敏-KY,TWSE,2025,4.2,0.0,4.2
6525,捷敏-KY,TWSE,2026,5.0,0.0,5.0
1722,台肥,TWSE,2015,2.2,0.0,2.2
1722,台肥,TWSE,2016,2.1,0.0,2.1
1722,台肥,TWSE,2017,2.1,0.0,2.1
1722,台肥,TWSE,2018,2.1,0.0,2.1
1722,台肥,TWSE,2019,2.2,0.0,2.2
1722,台肥,TWSE,2020,2.2,0.0,2.2
1722,台肥,TWSE,2021,2.3,0.0,2.3
1722,台肥,TWSE,2022,2.8,0.0,2.8
1722,台肥,TWSE,2023,2.5,0.0,2.5
1722,台肥,TWSE,2024,2.6,0.0,2.6
1722,台肥,TWSE,2025,2.0,0.0,2.0
1722,台肥,TWSE,2026,2.0,0.0,2.0
4989,榮科,TWSE,2018,3.2008,0.0,3.2008
4989,榮科,TWSE,2019,1.6,0.0,1.6
4989,榮科,TWSE,2020,0.6,0.0,0.6
4989,榮科,TWSE,2021,0.6667,0.0,0.6667
4989,榮科,TWSE,2022,1.5,0.0,1.5
4989,榮科,TWSE,2023,0.5,0.0,0.5
4989,榮科,TWSE,2026,0.0,0.0,0.0
2363,矽統,TWSE,2020,0.347,1.388,1.735
2363,矽統,TWSE,2021,0.8,0.8,1.6
2363,矽統,TWSE,2022,0.8,1.0,1.8
2363,矽統,TWSE,2023,1.0,0.0,1.0
2363,矽統,TWSE,2024,0.3,0.0,0.3
2363,矽統,TWSE,2025,0.5,0.0,0.5
2363,矽統,TWSE,2026,0.6059,0.0,0.6059
1708,東鹼,TWSE,2015,1.5,0.5,2.0
1708,東鹼,TWSE,2016,0.5,0.5,1.0
1708,東鹼,TWSE,2017,0.5,0.5,1.0
1708,東鹼,TWSE,2018,1.0,0.0,1.0
1708,東鹼,TWSE,2019,0.5,0.5,1.0
1708,東鹼,TWSE,2020,0.8,0.8,1.6
1708,東鹼,TWSE,2021,0.9,0.9,1.8
1708,東鹼,TWSE,2022,2.0,0.0,2.0
1708,東鹼,TWSE,2023,3.0,0.0,3.0
1708,東鹼,TWSE,2024,1.5,0.0,1.5
1708,東鹼,TWSE,2025,2.0,0.0,2.0
1708,東鹼,TWSE,2026,1.6,0.0,1.6
8131,福懋科,TWSE,2015,1.4,0.0,1.4
8131,福懋科,TWSE,2016,2.0,0.0,2.0
8131,福懋科,TWSE,2017,2.0,0.0,2.0
8131,福懋科,TWSE,2018,2.5,0.0,2.5
8131,福懋科,TWSE,2019,2.5,0.0,2.5
8131,福懋科,TWSE,2020,2.2,0.0,2.2
8131,福懋科,TWSE,2021,2.3,0.0,2.3
8131,福懋科,TWSE,2022,2.5,0.0,2.5
8131,福懋科,TWSE,2023,3.3,0.0,3.3
8131,福懋科,TWSE,2024,0.9,0.0,0.9
8131,福懋科,TWSE,2025,1.45,0.0,1.45
8131,福懋科,TWSE,2026,1.0,0.0,1.0
2371,大同,TWSE,2025,3.1053,0.0,3.1053
6834,天二科技,TWSE,2022,1.6,0.0,1.6
6834,天二科技,TWSE,2023,1.1,0.0,1.1
6834,天二科技,TWSE,2025,0.5,0.0,0.5
6834,天二科技,TWSE,2026,0.4,0.0,0.4
1710,東聯,TWSE,2015,1.0,0.0,1.0
1710,東聯,TWSE,2016,0.5,0.0,0.5
1710,東聯,TWSE,2017,0.2,0.0,0.2
1710,東聯,TWSE,2018,1.75,0.0,1.75
1710,東聯,TWSE,2019,1.75,0.0,1.75
1710,東聯,TWSE,2020,0.3,0.0,0.3
1710,東聯,TWSE,2022,0.7,0.0,0.7
1710,東聯,TWSE,2023,0.2,0.0,0.2
1710,東聯,TWSE,2024,0.2,0.0,0.2
3033,威健,TWSE,2015,1.9438,0.0,1.9438
3033,威健,TWSE,2016,1.496,0.0,1.496
3033,威健,TWSE,2017,1.0642,0.0,1.0642
3033,威健,TWSE,2018,1.3065,0.3624,1.669
3033,威健,TWSE,2019,1.0206,0.5979,1.6186
3033,威健,TWSE,2020,0.5777,0.0,0.5777
3033,威健,TWSE,2021,1.3334,0.0,1.3334
3033,威健,TWSE,2022,3.0073,0.0,3.0073
3033,威健,TWSE,2023,3.0672,0.0,3.0672
3033,威健,TWSE,2024,1.8949,0.0,1.8949
3033,威健,TWSE,2025,2.0842,0.0,2.0842
3033,威健,TWSE,2026,1.9199,0.0,1.9199
2845,遠東銀,TWSE,2015,0.4,0.537,0.937
2845,遠東銀,TWSE,2016,0.4,0.2,0.6
2845,遠東銀,TWSE,2017,0.42,0.23,0.65
2845,遠東銀,TWSE,2018,0.439,0.271,0.71
2845,遠東銀,TWSE,2019,0.45,0.265,0.715
2845,遠東銀,TWSE,2020,0.468,0.275,0.743
2845,遠東銀,TWSE,2021,0.326,0.191,0.517
2845,遠東銀,TWSE,2022,0.43,0.158,0.588
2845,遠東銀,TWSE,2023,0.4089,0.0,0.4089
2845,遠東銀,TWSE,2024,0.506,0.506,1.012
2845,遠東銀,TWSE,2025,0.5,0.25,0.75
2845,遠東銀,TWSE,2026,0.514,0.1195,0.6335
3504,揚明光,TWSE,2015,1.48,0.0,1.48
3504,揚明光,TWSE,2016,0.56,0.0,0.56
3504,揚明光,TWSE,2019,0.5,0.0,0.5
6526,達發,TWSE,2015,3.0,1.0,4.0
6526,達發,TWSE,2016,4.5,0.0,4.5
6526,達發,TWSE,2023,15.0,0.0,15.0
6526,達發,TWSE,2024,4.9557,0.0,4.9557
6526,達發,TWSE,2025,12.5,0.0,12.5
6526,達發,TWSE,2026,13.5,0.0,13.5
2812,台中銀,TWSE,2015,0.25,0.64,0.89
2812,台中銀,TWSE,2016,0.5,0.17,0.67
2812,台中銀,TWSE,2017,0.55,0.17,0.72
2812,台中銀,TWSE,2018,0.45,0.25,0.7
2812,台中銀,TWSE,2019,0.28,0.52,0.8
2812,台中銀,TWSE,2020,0.28,0.52,0.8
2812,台中銀,TWSE,2021,0.24,0.45,0.69
2812,台中銀,TWSE,2022,0.25,0.5,0.75
2812,台中銀,TWSE,2023,0.3,0.42,0.72
2812,台中銀,TWSE,2024,0.4,0.56,0.96
2812,台中銀,TWSE,2025,0.39,0.73,1.12
2812,台中銀,TWSE,2026,0.39,0.67,1.06
4915,致伸,TWSE,2015,1.8003,0.0,1.8003
4915,致伸,TWSE,2016,2.1006,0.0,2.1006
4915,致伸,TWSE,2017,2.5003,0.0,2.5003
4915,致伸,TWSE,2018,3.2013,0.0,3.2013
4915,致伸,TWSE,2019,2.4003,0.0,2.4003
4915,致伸,TWSE,2020,2.4003,0.0,2.4003
4915,致伸,TWSE,2021,3.0008,0.0,3.0008
4915,致伸,TWSE,2022,3.1017,0.0,3.1017
4915,致伸,TWSE,2023,3.9006,0.0,3.9006
4915,致伸,TWSE,2024,4.0,0.0,4.0
4915,致伸,TWSE,2025,4.2014,0.0,4.2014
4915,致伸,TWSE,2026,4.5692,0.0,4.5692
2855,統一證,TWSE,2015,0.81,0.0,0.81
2855,統一證,TWSE,2016,0.2013,0.312,0.5134
2855,統一證,TWSE,2017,0.0,0.41,0.41
2855,統一證,TWSE,2018,1.2,0.0,1.2
2855,統一證,TWSE,2019,0.6991,0.0,0.6991
2855,統一證,TWSE,2020,1.0,0.2,1.2
2855,統一證,TWSE,2021,1.5,0.4,1.9
2855,統一證,TWSE,2022,1.89,0.0,1.89
2855,統一證,TWSE,2023,0.39,0.0,0.39
2855,統一證,TWSE,2024,1.32,0.0,1.32
2855,統一證,TWSE,2025,1.1,1.0,2.1
2855,統一證,TWSE,2026,2.11,0.0,2.11
1563,巧新,TWSE,2015,2.0,0.0,2.0
1563,巧新,TWSE,2016,2.0,0.0,2.0
1563,巧新,TWSE,2017,3.0,0.0,3.0
1563,巧新,TWSE,2018,3.0,0.0,3.0
1563,巧新,TWSE,2019,3.0,0.0,3.0
1563,巧新,TWSE,2020,2.0009,0.0,2.0009
1563,巧新,TWSE,2021,2.0164,0.0,2.0164
1563,巧新,TWSE,2022,1.0,1.0,2.0
1563,巧新,TWSE,2023,1.9583,0.0,1.9583
1563,巧新,TWSE,2024,1.8021,0.0,1.8021
1563,巧新,TWSE,2025,2.2693,0.0,2.2693
1563,巧新,TWSE,2026,2.0,0.0,2.0
6108,競國,TWSE,2015,1.1,0.0,1.1
6108,競國,TWSE,2017,2.0,0.0,2.0
6108,競國,TWSE,2018,1.35,0.0,1.35
6108,競國,TWSE,2019,2.5,0.0,2.5
6108,競國,TWSE,2020,1.6,0.0,1.6
6108,競國,TWSE,2021,0.5,0.0,0.5
6108,競國,TWSE,2022,1.05,0.0,1.05
6108,競國,TWSE,2023,0.5,0.0,0.5
6108,競國,TWSE,2024,0.5,0.0,0.5
6108,競國,TWSE,2025,1.0,0.0,1.0
6108,競國,TWSE,2026,1.0,0.0,1.0
1711,永光,TWSE,2015,0.5,0.5,1.0
1711,永光,TWSE,2016,0.5,0.5,1.0
1711,永光,TWSE,2017,0.5,0.0,0.5
1711,永光,TWSE,2018,0.5,0.0,0.5
1711,永光,TWSE,2019,0.5,0.0,0.5
1711,永光,TWSE,2020,0.3,0.0,0.3
1711,永光,TWSE,2021,0.3,0.0,0.3
1711,永光,TWSE,2022,0.5,0.0,0.5
1711,永光,TWSE,2023,0.35,0.0,0.35
1711,永光,TWSE,2024,0.15,0.0,0.15
1711,永光,TWSE,2025,0.3,0.0,0.3
7749,意騰-KY,TWSE,2026,9.0,0.0,9.0
8110,華東,TWSE,2015,0.3501,0.0,0.3501
8110,華東,TWSE,2016,0.2145,0.0,0.2145
8110,華東,TWSE,2017,0.25,0.0,0.25
8110,華東,TWSE,2018,0.85,0.0,0.85
8110,華東,TWSE,2019,0.3,0.0,0.3
8110,華東,TWSE,2021,0.2,0.0,0.2
8110,華東,TWSE,2022,0.13,0.0,0.13
8110,華東,TWSE,2023,0.15,0.0,0.15
8110,華東,TWSE,2024,0.2039,0.0,0.2039
8110,華東,TWSE,2025,0.2,0.0,0.2
8110,華東,TWSE,2026,1.4942,0.0,1.4942
6443,元晶,TWSE,2016,0.0,0.0,0.0
6443,元晶,TWSE,2017,0.0,0.0,0.0
6443,元晶,TWSE,2019,0.0,0.0,0.0
6443,元晶,TWSE,2020,0.0,0.0,0.0
6443,元晶,TWSE,2022,0.0,0.0,0.0
6443,元晶,TWSE,2023,0.1,0.0,0.1
6443,元晶,TWSE,2024,0.4,0.0,0.4
1597,直得,TWSE,2015,0.5,0.0,0.5
1597,直得,TWSE,2016,0.5,0.5,1.0
1597,直得,TWSE,2017,1.0,0.0,1.0
1597,直得,TWSE,2018,1.0,2.5,3.5
1597,直得,TWSE,2019,1.0,1.0,2.0
1597,直得,TWSE,2020,1.0,0.0,1.0
1597,直得,TWSE,2021,1.5,0.0,1.5
1597,直得,TWSE,2022,1.5,1.0,2.5
1597,直得,TWSE,2023,2.0,0.0,2.0
1597,直得,TWSE,2024,0.8,0.0,0.8
1597,直得,TWSE,2025,0.7,0.0,0.7
1597,直得,TWSE,2026,0.7,0.0,0.7
6166,凌華,TWSE,2015,1.9014,0.9011,2.8024
6166,凌華,TWSE,2016,2.3999,0.0,2.3999
6166,凌華,TWSE,2017,1.8048,0.0,1.8048
6166,凌華,TWSE,2018,1.5,0.0,1.5
6166,凌華,TWSE,2019,1.3,0.0,1.3
6166,凌華,TWSE,2020,1.6,0.0,1.6
6166,凌華,TWSE,2021,1.0,0.0,1.0
6166,凌華,TWSE,2022,0.3,0.0,0.3
6166,凌華,TWSE,2023,2.5,0.0,2.5
6166,凌華,TWSE,2024,1.0,0.0,1.0
6166,凌華,TWSE,2025,0.9328,0.0,0.9328
6166,凌華,TWSE,2026,1.199,0.0,1.199
6191,精成科,TWSE,2017,0.4,0.0,0.4
6191,精成科,TWSE,2018,0.6,0.0,0.6
6191,精成科,TWSE,2019,0.3,0.0,0.3
6191,精成科,TWSE,2020,0.5006,0.0,0.5006
6191,精成科,TWSE,2021,0.8031,0.0,0.8031
6191,精成科,TWSE,2022,1.7511,0.0,1.7511
6191,精成科,TWSE,2023,2.6208,0.0,2.6208
6191,精成科,TWSE,2024,3.3,0.0,3.3
6191,精成科,TWSE,2025,3.0101,0.0,3.0101
6191,精成科,TWSE,2026,2.6,0.0,2.6
3055,蔚華科,TWSE,2015,1.2001,0.0,1.2001
3055,蔚華科,TWSE,2016,0.9983,0.0,0.9983
3055,蔚華科,TWSE,2017,0.8192,0.0,0.8192
3055,蔚華科,TWSE,2018,0.8,0.0,0.8
3055,蔚華科,TWSE,2019,1.0,0.0,1.0
3055,蔚華科,TWSE,2020,0.4,0.0,0.4
3055,蔚華科,TWSE,2021,0.1998,0.0,0.1998
3055,蔚華科,TWSE,2022,0.1999,0.0,0.1999
3055,蔚華科,TWSE,2023,0.9992,0.0,0.9992
3055,蔚華科,TWSE,2024,1.0114,0.0,1.0114
3055,蔚華科,TWSE,2025,1.0,0.0,1.0
3055,蔚華科,TWSE,2026,0.5,0.0,0.5
3712,永崴投控,TWSE,2019,2.5,0.0,2.5
3712,永崴投控,TWSE,2021,1.0,0.0,1.0
3712,永崴投控,TWSE,2022,1.5,0.0,1.5
3712,永崴投控,TWSE,2023,2.0,0.0,2.0
3712,永崴投控,TWSE,2024,2.0,0.0,2.0
3712,永崴投控,TWSE,2025,3.0,0.0,3.0
2491,吉祥全,TWSE,2021,0.4,0.0,0.4
2491,吉祥全,TWSE,2022,0.1,0.0,0.1
3576,聯合再生,TWSE,2015,0.2001,0.0,0.2001
3576,聯合再生,TWSE,2016,0.0,0.0,0.0
3576,聯合再生,TWSE,2019,0.0,0.0,0.0
3576,聯合再生,TWSE,2021,0.0,0.0,0.0
3576,聯合再生,TWSE,2023,0.1,0.0,0.1
6753,龍德造船,TWSE,2021,0.58,0.0,0.58
6753,龍德造船,TWSE,2022,0.25,2.25,2.5
6753,龍德造船,TWSE,2023,1.0,0.0,1.0
6753,龍德造船,TWSE,2024,1.1,0.5,1.6
6753,龍德造船,TWSE,2025,1.25,0.0,1.25
6753,龍德造船,TWSE,2026,1.2494,0.0,1.2494
3010,華立,TWSE,2015,3.3,0.0,3.3
3010,華立,TWSE,2016,2.7,0.0,2.7
3010,華立,TWSE,2017,2.6,0.0,2.6
3010,華立,TWSE,2018,3.3,0.0,3.3
3010,華立,TWSE,2019,3.2,0.0,3.2
3010,華立,TWSE,2020,3.3,0.0,3.3
3010,華立,TWSE,2021,4.4,0.2,4.6
3010,華立,TWSE,2022,6.8,0.0,6.8
3010,華立,TWSE,2023,6.1,0.0,6.1
3010,華立,TWSE,2024,4.9504,0.0,4.9504
3010,華立,TWSE,2025,5.3,0.0,5.3
3010,華立,TWSE,2026,5.3,0.0,5.3
2374,佳能,TWSE,2016,1.5004,0.0,1.5004
2374,佳能,TWSE,2017,0.9001,0.0,0.9001
2374,佳能,TWSE,2018,0.8,0.0,0.8
2374,佳能,TWSE,2019,0.5,0.0,0.5
2374,佳能,TWSE,2020,0.3,0.0,0.3
2374,佳能,TWSE,2021,0.4907,0.0,0.4907
2374,佳能,TWSE,2022,1.0,0.0,1.0
2374,佳能,TWSE,2023,0.45,0.0,0.45
2374,佳能,TWSE,2024,0.9001,0.0,0.9001
2374,佳能,TWSE,2025,0.599,1.198,1.7969
2374,佳能,TWSE,2026,1.9917,0.0,1.9917
3305,昇貿,TWSE,2015,2.0,0.0,2.0
3305,昇貿,TWSE,2016,1.0413,0.0,1.0413
3305,昇貿,TWSE,2017,2.3627,0.0,2.3627
3305,昇貿,TWSE,2018,1.0273,0.0,1.0273
3305,昇貿,TWSE,2019,1.0273,0.0,1.0273
3305,昇貿,TWSE,2020,1.005,0.0,1.005
3305,昇貿,TWSE,2021,1.3647,0.0,1.3647
3305,昇貿,TWSE,2022,2.4982,0.0,2.4982
3305,昇貿,TWSE,2023,1.9911,0.0,1.9911
3305,昇貿,TWSE,2024,2.0,0.0,2.0
3305,昇貿,TWSE,2025,2.2509,0.0,2.2509
3305,昇貿,TWSE,2026,2.2833,0.0,2.2833
4764,雙鍵,TWSE,2017,2.2,0.3,2.5
4764,雙鍵,TWSE,2018,2.7,0.0,2.7
4764,雙鍵,TWSE,2019,5.0,1.0,6.0
4764,雙鍵,TWSE,2020,1.2218,0.0,1.2218
4764,雙鍵,TWSE,2021,0.3,0.7,1.0
4764,雙鍵,TWSE,2022,0.4,0.6,1.0
4764,雙鍵,TWSE,2023,0.5,0.0,0.5
4764,雙鍵,TWSE,2026,1.0,0.0,1.0
3543,州巧,TWSE,2015,0.205,0.0,0.205
3543,州巧,TWSE,2016,0.5,0.0,0.5
3543,州巧,TWSE,2017,0.6,0.0,0.6
3543,州巧,TWSE,2018,0.5,0.0,0.5
3543,州巧,TWSE,2019,0.6,0.0,0.6
3543,州巧,TWSE,2020,0.8,0.0,0.8
3543,州巧,TWSE,2021,1.2,0.0,1.2
3543,州巧,TWSE,2022,1.2,0.0,1.2
3543,州巧,TWSE,2023,1.0,0.0,1.0
3543,州巧,TWSE,2024,1.0,0.0,1.0
3543,州巧,TWSE,2025,0.5,0.0,0.5
3543,州巧,TWSE,2026,0.6,0.0,0.6
2406,國碩,TWSE,2020,0.0,0.0,0.0
2406,國碩,TWSE,2022,0.0,0.0,0.0
2030,彰源,TWSE,2015,0.5025,0.5025,1.005
2030,彰源,TWSE,2018,1.0,0.0,1.0
2030,彰源,TWSE,2019,1.0,0.0,1.0
2030,彰源,TWSE,2020,0.5107,0.0,0.5107
2030,彰源,TWSE,2021,0.5,0.0,0.5
2030,彰源,TWSE,2022,2.0,0.0,2.0
2030,彰源,TWSE,2023,1.5,0.0,1.5
2030,彰源,TWSE,2024,0.5,0.0,0.5
2030,彰源,TWSE,2025,0.7116,0.0,0.7116
2030,彰源,TWSE,2026,0.5,0.0,0.5
2302,麗正,TWSE,2015,0.341,0.31,0.6509
2302,麗正,TWSE,2016,0.0241,0.0,0.0241
2302,麗正,TWSE,2021,0.3006,0.0,0.3006
2302,麗正,TWSE,2022,0.6013,0.0,0.6013
2302,麗正,TWSE,2023,0.8,0.0,0.8
2302,麗正,TWSE,2024,0.31,0.0,0.31
2302,麗正,TWSE,2025,0.58,0.0,0.58
2302,麗正,TWSE,2026,0.35,0.0,0.35
8016,矽創,TWSE,2015,4.5,0.0,4.5
8016,矽創,TWSE,2016,5.0,0.0,5.0
8016,矽創,TWSE,2017,6.0,0.0,6.0
8016,矽創,TWSE,2018,5.5007,0.0,5.5007
8016,矽創,TWSE,2019,5.0,0.0,5.0
8016,矽創,TWSE,2020,6.5,0.0,6.5
8016,矽創,TWSE,2021,7.5,0.0,7.5
8016,矽創,TWSE,2022,32.0,0.0,32.0
8016,矽創,TWSE,2023,22.0,0.0,22.0
8016,矽創,TWSE,2024,12.0,0.0,12.0
8016,矽創,TWSE,2025,12.0,0.0,12.0
8016,矽創,TWSE,2026,11.5,0.0,11.5
2723,美食-KY,TWSE,2015,1.2,0.0,1.2
2723,美食-KY,TWSE,2016,2.5,0.5,3.0
2723,美食-KY,TWSE,2017,5.0,1.0,6.0
2723,美食-KY,TWSE,2018,6.0,1.04,7.04
2723,美食-KY,TWSE,2019,5.0,0.0,5.0
2723,美食-KY,TWSE,2020,3.0,0.0,3.0
2723,美食-KY,TWSE,2021,4.0,0.0,4.0
2723,美食-KY,TWSE,2022,5.0,0.0,5.0
2723,美食-KY,TWSE,2023,2.5,0.0,2.5
2723,美食-KY,TWSE,2024,3.5,0.0,3.5
2723,美食-KY,TWSE,2025,3.0,0.0,3.0
3209,全科,TWSE,2015,1.3,1.5,2.8
3209,全科,TWSE,2016,1.2,1.6,2.8
3209,全科,TWSE,2017,1.1,0.5,1.6
3209,全科,TWSE,2018,0.8,0.5,1.3
3209,全科,TWSE,2019,1.0,0.2,1.2
3209,全科,TWSE,2020,1.2787,0.0,1.2787
3209,全科,TWSE,2021,1.4,0.6,2.0
3209,全科,TWSE,2022,2.4,0.8,3.2
3209,全科,TWSE,2023,3.5784,0.0,3.5784
3209,全科,TWSE,2024,2.0983,0.0,2.0983
3209,全科,TWSE,2025,2.4845,0.0,2.4845
3209,全科,TWSE,2026,2.0,0.5,2.5
2340,台亞,TWSE,2015,0.75,0.0,0.75
2340,台亞,TWSE,2016,1.0,0.0,1.0
2340,台亞,TWSE,2017,1.1908,0.0,1.1908
2340,台亞,TWSE,2018,1.35,0.0,1.35
2340,台亞,TWSE,2019,0.5,0.0,0.5
2340,台亞,TWSE,2021,1.3927,0.0,1.3927
2340,台亞,TWSE,2022,3.0003,0.0,3.0003
2340,台亞,TWSE,2023,1.0,0.0,1.0
2340,台亞,TWSE,2024,0.5,0.0,0.5
2207,和泰車,TWSE,2015,10.5,0.0,10.5
2207,和泰車,TWSE,2016,12.0,0.0,12.0
2207,和泰車,TWSE,2017,12.0,0.0,12.0
2207,和泰車,TWSE,2018,12.0,0.0,12.0
2207,和泰車,TWSE,2019,12.0,0.0,12.0
2207,和泰車,TWSE,2020,14.0,0.0,14.0
2207,和泰車,TWSE,2021,17.0,0.0,17.0
2207,和泰車,TWSE,2022,20.0,0.0,20.0
2207,和泰車,TWSE,2023,2.0,0.2,2.2
2207,和泰車,TWSE,2024,20.0,0.0,20.0
2207,和泰車,TWSE,2025,20.0,0.0,20.0
2207,和泰車,TWSE,2026,20.0,0.0,20.0
6719,力智,TWSE,2021,1.4988,0.0,1.4988
6719,力智,TWSE,2022,7.495,0.0,7.495
6719,力智,TWSE,2023,9.9611,0.0,9.9611
6719,力智,TWSE,2024,1.9922,0.0,1.9922
6719,力智,TWSE,2025,1.6969,0.0,1.6969
6719,力智,TWSE,2026,4.5983,0.0,4.5983
3029,零壹,TWSE,2015,0.4068,0.4068,0.8136
3029,零壹,TWSE,2016,1.0,0.0,1.0
3029,零壹,TWSE,2017,1.1998,0.0,1.1998
3029,零壹,TWSE,2018,1.2996,0.0,1.2996
3029,零壹,TWSE,2019,1.4971,0.0,1.4971
3029,零壹,TWSE,2020,2.0101,0.0,2.0101
3029,零壹,TWSE,2021,3.0007,0.0,3.0007
3029,零壹,TWSE,2022,3.6034,0.0,3.6034
3029,零壹,TWSE,2023,3.5984,0.0,3.5984
3029,零壹,TWSE,2024,3.9999,0.0,3.9999
3029,零壹,TWSE,2025,5.0,0.0,5.0
3029,零壹,TWSE,2026,5.5,0.0,5.5
1314,中石化,TWSE,2019,0.5,0.5,1.0
1314,中石化,TWSE,2020,0.3,0.0,0.3
1314,中石化,TWSE,2021,0.0,0.0,0.0
1314,中石化,TWSE,2022,0.4,0.0,0.4
6005,群益證,TWSE,2015,0.6,0.0,0.6
6005,群益證,TWSE,2016,0.49,0.0,0.49
6005,群益證,TWSE,2017,0.37,0.0,0.37
6005,群益證,TWSE,2018,0.2,0.7,0.9
6005,群益證,TWSE,2019,0.4,0.0,0.4
6005,群益證,TWSE,2020,0.8,0.0,0.8
6005,群益證,TWSE,2021,1.1,0.0,1.1
6005,群益證,TWSE,2022,1.65,0.0,1.65
6005,群益證,TWSE,2023,0.39,0.0,0.39
6005,群益證,TWSE,2024,1.33,0.0,1.33
6005,群益證,TWSE,2025,1.5,0.0,1.5
6005,群益證,TWSE,2026,0.4,1.31,1.71
8422,可寧衛*,TWSE,2015,8.0,0.0,8.0
8422,可寧衛*,TWSE,2016,10.0,0.0,10.0
8422,可寧衛*,TWSE,2017,11.5,0.0,11.5
8422,可寧衛*,TWSE,2018,11.0,0.0,11.0
8422,可寧衛*,TWSE,2019,10.0,0.0,10.0
8422,可寧衛*,TWSE,2020,10.0,0.0,10.0
8422,可寧衛*,TWSE,2021,10.0,0.0,10.0
8422,可寧衛*,TWSE,2022,10.0,0.0,10.0
8422,可寧衛*,TWSE,2023,9.9851,0.0,9.9851
8422,可寧衛*,TWSE,2024,10.0,0.0,10.0
8422,可寧衛*,TWSE,2025,9.944,0.0,9.944
8422,可寧衛*,TWSE,2026,1.1981,0.0,1.1981
8070,長華*,TWSE,2015,3.5,0.0,3.5
8070,長華*,TWSE,2016,7.0,0.0,7.0
8070,長華*,TWSE,2017,10.0,0.0,10.0
8070,長華*,TWSE,2018,11.0,0.0,11.0
8070,長華*,TWSE,2019,16.1,0.0,16.1
8070,長華*,TWSE,2020,8.76,0.0,8.76
8070,長華*,TWSE,2021,1.3973,0.0,1.3973
8070,長華*,TWSE,2022,2.35,0.0,2.35
8070,長華*,TWSE,2023,2.3404,0.0,2.3404
8070,長華*,TWSE,2024,2.6605,0.0,2.6605
8070,長華*,TWSE,2025,2.71,0.0,2.71
8070,長華*,TWSE,2026,2.0,0.0,2.0
1514,亞力,TWSE,2015,0.45,0.0,0.45
1514,亞力,TWSE,2016,0.48,0.0,0.48
1514,亞力,TWSE,2017,0.5,0.0,0.5
1514,亞力,TWSE,2018,0.5,0.0,0.5
1514,亞力,TWSE,2019,0.7,0.3,1.0
1514,亞力,TWSE,2020,0.7,0.5,1.2
1514,亞力,TWSE,2021,0.7,0.5,1.2
1514,亞力,TWSE,2022,0.75,0.5,1.25
1514,亞力,TWSE,2023,1.0,0.3,1.3
1514,亞力,TWSE,2024,1.5806,0.1976,1.7782
1514,亞力,TWSE,2025,1.6995,0.1999,1.8994
1514,亞力,TWSE,2026,2.0,0.2,2.2
2498,宏達電,TWSE,2015,0.38,0.0,0.38
2498,宏達電,TWSE,2019,0.38,0.0,0.38
2498,宏達電,TWSE,2026,0.5,0.0,0.5
4722,國精化,TWSE,2015,1.5,0.0,1.5
4722,國精化,TWSE,2016,2.8,0.0,2.8
4722,國精化,TWSE,2017,2.5,0.0,2.5
4722,國精化,TWSE,2018,1.5,0.5,2.0
4722,國精化,TWSE,2019,1.8,0.0,1.8
4722,國精化,TWSE,2020,1.8,0.0,1.8
4722,國精化,TWSE,2021,2.0,0.0,2.0
4722,國精化,TWSE,2022,2.2,0.0,2.2
4722,國精化,TWSE,2023,1.9,0.0,1.9
4722,國精化,TWSE,2024,1.0,0.0,1.0
4722,國精化,TWSE,2025,1.3962,0.0,1.3962
4722,國精化,TWSE,2026,1.1841,0.0,1.1841
3022,威強電,TWSE,2015,2.5,0.0,2.5
3022,威強電,TWSE,2016,2.0,0.0,2.0
3022,威強電,TWSE,2017,3.0,0.0,3.0
3022,威強電,TWSE,2018,0.5,0.0,0.5
3022,威強電,TWSE,2019,1.5,0.0,1.5
3022,威強電,TWSE,2020,1.0039,0.0,1.0039
3022,威強電,TWSE,2021,2.0,0.0,2.0
3022,威強電,TWSE,2022,3.0,0.0,3.0
3022,威強電,TWSE,2023,3.5,0.0,3.5
3022,威強電,TWSE,2024,3.5,0.0,3.5
3022,威強電,TWSE,2025,4.5,0.0,4.5
3022,威強電,TWSE,2026,3.5,0.0,3.5
6177,達麗,TWSE,2015,3.9957,1.1987,5.1944
6177,達麗,TWSE,2016,2.9793,0.0993,3.0786
6177,達麗,TWSE,2017,1.9886,0.1989,2.1875
6177,達麗,TWSE,2018,4.4153,0.0,4.4153
6177,達麗,TWSE,2019,0.4996,0.4996,0.9991
6177,達麗,TWSE,2020,1.9991,0.9996,2.9987
6177,達麗,TWSE,2021,0.0,0.2,0.2
6177,達麗,TWSE,2022,3.0,0.0,3.0
6177,達麗,TWSE,2023,1.0,0.5,1.5
6177,達麗,TWSE,2024,3.0,0.5,3.5
6177,達麗,TWSE,2025,3.5,0.5,4.0
6177,達麗,TWSE,2026,3.0,0.0,3.0
1608,華榮,TWSE,2018,0.73,0.0,0.73
1608,華榮,TWSE,2020,0.66,0.0,0.66
1608,華榮,TWSE,2021,0.7,0.0,0.7
1608,華榮,TWSE,2022,1.5,0.0,1.5
1608,華榮,TWSE,2023,0.4,0.0,0.4
1608,華榮,TWSE,2024,1.0,0.0,1.0
1608,華榮,TWSE,2025,1.0,0.0,1.0
1608,華榮,TWSE,2026,2.0,0.0,2.0
5292,華懋,TWSE,2020,2.0,0.0,2.0
5292,華懋,TWSE,2021,2.0,0.0,2.0
5292,華懋,TWSE,2022,1.5,1.0,2.5
5292,華懋,TWSE,2023,3.0,0.0,3.0
5292,華懋,TWSE,2024,4.5,1.0,5.5
5292,華懋,TWSE,2025,4.5,1.0,5.5
5292,華懋,TWSE,2026,5.5,1.0,6.5
8081,致新,TWSE,2015,6.0,0.0,6.0
8081,致新,TWSE,2016,5.0,0.0,5.0
8081,致新,TWSE,2017,5.0,0.0,5.0
8081,致新,TWSE,2018,4.5,0.0,4.5
8081,致新,TWSE,2019,5.0,0.0,5.0
8081,致新,TWSE,2020,7.5,0.0,7.5
8081,致新,TWSE,2021,9.5,0.0,9.5
8081,致新,TWSE,2022,16.0,0.0,16.0
8081,致新,TWSE,2023,14.0,0.0,14.0
8081,致新,TWSE,2024,14.0,0.0,14.0
8081,致新,TWSE,2025,16.0,0.0,16.0
8081,致新,TWSE,2026,16.0,0.0,16.0
4766,南寶,TWSE,2018,5.0,0.0,5.0
4766,南寶,TWSE,2019,5.0,0.0,5.0
4766,南寶,TWSE,2020,6.0,0.0,6.0
4766,南寶,TWSE,2021,7.0,0.0,7.0
4766,南寶,TWSE,2022,6.0,0.0,6.0
4766,南寶,TWSE,2023,10.0,0.0,10.0
4766,南寶,TWSE,2024,15.0,0.0,15.0
4766,南寶,TWSE,2025,19.0,0.0,19.0
4766,南寶,TWSE,2026,18.0,0.0,18.0
5607,遠雄港,TWSE,2018,0.2,0.0,0.2
5607,遠雄港,TWSE,2019,0.4,0.0,0.4
5607,遠雄港,TWSE,2020,1.0,0.0,1.0
5607,遠雄港,TWSE,2021,1.2,0.0,1.2
5607,遠雄港,TWSE,2022,1.6,0.0,1.6
5607,遠雄港,TWSE,2023,1.2,1.0,2.2
5607,遠雄港,TWSE,2024,0.9,0.8,1.7
5607,遠雄港,TWSE,2025,1.1,0.2,1.3
5607,遠雄港,TWSE,2026,1.8,0.0,1.8
1609,大亞,TWSE,2018,0.35,0.0,0.35
1609,大亞,TWSE,2019,0.3,0.4,0.7
1609,大亞,TWSE,2020,0.3028,0.0,0.3028
1609,大亞,TWSE,2021,0.35,0.35,0.7
1609,大亞,TWSE,2022,0.35,0.6,0.95
1609,大亞,TWSE,2023,0.4804,0.0961,0.5765
1609,大亞,TWSE,2024,1.2,0.5,1.7
1609,大亞,TWSE,2025,0.75,0.15,0.9
1609,大亞,TWSE,2026,0.7,0.0,0.7
4770,上品,TWSE,2021,4.3,0.0,4.3
4770,上品,TWSE,2022,8.0,0.0,8.0
4770,上品,TWSE,2023,12.0,0.0,12.0
4770,上品,TWSE,2024,12.0,0.0,12.0
4770,上品,TWSE,2025,12.0,0.0,12.0
4770,上品,TWSE,2026,6.0,0.0,6.0
8926,台汽電,TWSE,2015,1.6,0.0,1.6
8926,台汽電,TWSE,2016,1.3,0.0,1.3
8926,台汽電,TWSE,2017,1.2,0.0,1.2
8926,台汽電,TWSE,2018,1.3,0.0,1.3
8926,台汽電,TWSE,2019,1.5,0.0,1.5
8926,台汽電,TWSE,2020,1.7,0.0,1.7
8926,台汽電,TWSE,2021,1.9,0.0,1.9
8926,台汽電,TWSE,2022,1.75,0.0,1.75
8926,台汽電,TWSE,2023,0.8976,0.5984,1.496
8926,台汽電,TWSE,2024,1.93,0.0,1.93
8926,台汽電,TWSE,2025,2.1,0.0,2.1
8926,台汽電,TWSE,2026,2.1197,0.0,2.1197
8114,振樺電,TWSE,2015,7.5,0.35,7.85
8114,振樺電,TWSE,2016,7.75,0.25,8.0
8114,振樺電,TWSE,2017,7.9433,0.1986,8.1419
8114,振樺電,TWSE,2018,6.2,0.0,6.2
8114,振樺電,TWSE,2019,6.2,0.0,6.2
8114,振樺電,TWSE,2020,4.5,0.0,4.5
8114,振樺電,TWSE,2021,1.5,0.0,1.5
8114,振樺電,TWSE,2022,4.5,0.0,4.5
8114,振樺電,TWSE,2023,6.9935,0.0,6.9935
8114,振樺電,TWSE,2024,4.6972,0.0,4.6972
8114,振樺電,TWSE,2025,7.7639,0.0,7.7639
8114,振樺電,TWSE,2026,11.467,0.0,11.467
4927,泰鼎-KY,TWSE,2015,2.4984,0.0,2.4984
4927,泰鼎-KY,TWSE,2016,2.5,0.0,2.5
4927,泰鼎-KY,TWSE,2017,0.78,0.32,1.1
4927,泰鼎-KY,TWSE,2019,2.461,0.0,2.461
4927,泰鼎-KY,TWSE,2020,2.9999,0.0,2.9999
4927,泰鼎-KY,TWSE,2021,3.0,0.0,3.0
4927,泰鼎-KY,TWSE,2022,4.0,0.0,4.0
4927,泰鼎-KY,TWSE,2023,2.0,0.0,2.0
4927,泰鼎-KY,TWSE,2024,0.0,0.0,0.0
4927,泰鼎-KY,TWSE,2025,0.0,0.0,0.0
2103,台橡,TWSE,2015,1.52,0.0,1.52
2103,台橡,TWSE,2016,1.06,0.0,1.06
2103,台橡,TWSE,2017,1.0,0.0,1.0
2103,台橡,TWSE,2018,0.96,0.0,0.96
2103,台橡,TWSE,2019,0.98,0.0,0.98
2103,台橡,TWSE,2020,0.5,0.0,0.5
2103,台橡,TWSE,2021,0.36,0.0,0.36
2103,台橡,TWSE,2022,2.4,0.0,2.4
2103,台橡,TWSE,2023,1.08,0.0,1.08
2103,台橡,TWSE,2024,0.56,0.0,0.56
2103,台橡,TWSE,2025,0.63,0.0,0.63
2103,台橡,TWSE,2026,0.27,0.0,0.27
2504,國產,TWSE,2015,0.4,0.0,0.4
2504,國產,TWSE,2016,0.1007,0.0,0.1007
2504,國產,TWSE,2018,0.5,0.0,0.5
2504,國產,TWSE,2019,0.25,0.0,0.25
2504,國產,TWSE,2020,0.3,0.0,0.3
2504,國產,TWSE,2021,1.5,0.0,1.5
2504,國產,TWSE,2022,1.8,0.0,1.8
2504,國產,TWSE,2023,2.0,0.0,2.0
2504,國產,TWSE,2024,2.1,0.0,2.1
2504,國產,TWSE,2025,2.8,0.0,2.8
2504,國產,TWSE,2026,2.6,0.0,2.6
6579,研揚,TWSE,2016,3.0,0.0,3.0
6579,研揚,TWSE,2017,4.2697,0.0,4.2697
6579,研揚,TWSE,2018,4.75,0.0,4.75
6579,研揚,TWSE,2019,4.1,0.0,4.1
6579,研揚,TWSE,2020,3.2,0.0,3.2
6579,研揚,TWSE,2021,3.0,0.0,3.0
6579,研揚,TWSE,2022,3.0975,0.0,3.0975
6579,研揚,TWSE,2023,4.6581,0.0,4.6581
6579,研揚,TWSE,2024,6.4683,0.4976,6.9658
6579,研揚,TWSE,2025,5.15,0.0,5.15
6579,研揚,TWSE,2026,3.75,0.0,3.75
4566,時碩工業,TWSE,2017,1.0,0.0,1.0
4566,時碩工業,TWSE,2018,2.39,0.0,2.39
4566,時碩工業,TWSE,2019,1.9942,0.0,1.9942
4566,時碩工業,TWSE,2020,1.6442,0.0,1.6442
4566,時碩工業,TWSE,2021,1.1875,0.0,1.1875
4566,時碩工業,TWSE,2022,1.1848,0.0,1.1848
4566,時碩工業,TWSE,2023,2.0996,0.0,2.0996
4566,時碩工業,TWSE,2024,1.4347,0.0,1.4347
4566,時碩工業,TWSE,2025,1.5026,0.0,1.5026
4566,時碩工業,TWSE,2026,0.6827,0.0,0.6827
6933,AMAX-KY,TWSE,2024,2.9723,0.0,2.9723
6933,AMAX-KY,TWSE,2025,1.9992,0.0,1.9992
6933,AMAX-KY,TWSE,2026,2.498,0.0,2.498
4976,佳凌,TWSE,2015,0.3066,0.0,0.3066
4976,佳凌,TWSE,2017,0.0,0.0,0.0
4976,佳凌,TWSE,2021,0.0,0.0,0.0
1808,潤隆,TWSE,2015,4.0111,0.0,4.0111
1808,潤隆,TWSE,2016,5.0095,0.0,5.0095
1808,潤隆,TWSE,2017,5.0749,0.0,5.0749
1808,潤隆,TWSE,2018,3.5378,0.0,3.5378
1808,潤隆,TWSE,2019,8.0,0.0,8.0
1808,潤隆,TWSE,2020,2.0,2.0,4.0
1808,潤隆,TWSE,2021,0.2,0.6,0.8
1808,潤隆,TWSE,2022,2.0,1.5,3.5
1808,潤隆,TWSE,2023,0.6,0.0,0.6
1808,潤隆,TWSE,2024,3.0,12.0,15.0
1808,潤隆,TWSE,2025,2.0,0.0,2.0
1808,潤隆,TWSE,2026,1.5,0.0,1.5
4551,智伸科,TWSE,2015,3.85,0.0,3.85
4551,智伸科,TWSE,2016,3.25,0.0,3.25
4551,智伸科,TWSE,2017,4.6,0.0,4.6
4551,智伸科,TWSE,2018,6.35,0.0,6.35
4551,智伸科,TWSE,2019,3.1,0.0,3.1
4551,智伸科,TWSE,2020,1.8688,0.0,1.8688
4551,智伸科,TWSE,2021,4.0,0.0,4.0
4551,智伸科,TWSE,2022,5.0,0.0,5.0
4551,智伸科,TWSE,2023,6.0,0.0,6.0
4551,智伸科,TWSE,2024,2.5,0.0,2.5
4551,智伸科,TWSE,2025,4.2,0.0,4.2
4551,智伸科,TWSE,2026,4.2,0.0,4.2
2439,美律,TWSE,2015,4.8025,0.0,4.8025
2439,美律,TWSE,2016,3.2397,0.0,3.2397
2439,美律,TWSE,2017,8.8842,0.0,8.8842
2439,美律,TWSE,2018,15.8246,0.0,15.8246
2439,美律,TWSE,2019,8.4977,0.0,8.4977
2439,美律,TWSE,2020,7.7049,0.0,7.7049
2439,美律,TWSE,2021,5.0681,0.0,5.0681
2439,美律,TWSE,2022,3.9708,0.0,3.9708
2439,美律,TWSE,2023,4.4733,0.0,4.4733
2439,美律,TWSE,2024,4.1487,0.0,4.1487
2439,美律,TWSE,2025,7.2901,0.0,7.2901
2439,美律,TWSE,2026,4.0842,0.0,4.0842
5284,jpp-KY,TWSE,2015,2.4,0.0,2.4
5284,jpp-KY,TWSE,2016,3.0844,0.0,3.0844
5284,jpp-KY,TWSE,2017,2.5575,0.0,2.5575
5284,jpp-KY,TWSE,2018,3.1697,0.0,3.1697
5284,jpp-KY,TWSE,2019,2.6,0.0,2.6
5284,jpp-KY,TWSE,2020,1.9,0.0,1.9
5284,jpp-KY,TWSE,2021,2.1,0.0,2.1
5284,jpp-KY,TWSE,2022,2.3,0.0,2.3
5284,jpp-KY,TWSE,2023,2.8,0.0,2.8
5284,jpp-KY,TWSE,2024,5.0,0.0,5.0
5284,jpp-KY,TWSE,2025,1.4842,0.0,1.4842
5284,jpp-KY,TWSE,2026,5.0,0.0,5.0
7730,暉盛-創,TWSE,2024,2.0,0.0,2.0
7730,暉盛-創,TWSE,2025,1.0,2.0,3.0
7730,暉盛-創,TWSE,2026,1.0,0.5,1.5
3048,益登,TWSE,2015,0.9925,1.1909,2.1834
3048,益登,TWSE,2016,1.0,1.0,2.0
3048,益登,TWSE,2017,0.5,0.0,0.5
3048,益登,TWSE,2018,1.0,0.0,1.0
3048,益登,TWSE,2019,0.7,0.0,0.7
3048,益登,TWSE,2020,1.0,0.0,1.0
3048,益登,TWSE,2021,1.9,1.0,2.9
3048,益登,TWSE,2022,3.4,0.0,3.4
3048,益登,TWSE,2023,2.0,0.0,2.0
3048,益登,TWSE,2024,1.0,0.0,1.0
3048,益登,TWSE,2026,1.0,0.0,1.0
2006,東和鋼鐵,TWSE,2015,1.3,0.0,1.3
2006,東和鋼鐵,TWSE,2016,1.1,0.0,1.1
2006,東和鋼鐵,TWSE,2017,1.3,0.0,1.3
2006,東和鋼鐵,TWSE,2018,1.4,0.0,1.4
2006,東和鋼鐵,TWSE,2019,1.2,0.0,1.2
2006,東和鋼鐵,TWSE,2020,1.35,0.0,1.35
2006,東和鋼鐵,TWSE,2021,1.5,0.0,1.5
2006,東和鋼鐵,TWSE,2022,6.4,0.0,6.4
2006,東和鋼鐵,TWSE,2023,3.5,0.0,3.5
2006,東和鋼鐵,TWSE,2024,4.2,0.0,4.2
2006,東和鋼鐵,TWSE,2025,4.0,0.0,4.0
2006,東和鋼鐵,TWSE,2026,4.3,0.0,4.3
4906,正文,TWSE,2015,0.5,0.0,0.5
4906,正文,TWSE,2016,0.6,0.0,0.6
4906,正文,TWSE,2017,1.46,0.0,1.46
4906,正文,TWSE,2018,0.9865,0.0,0.9865
4906,正文,TWSE,2020,0.5032,0.0,0.5032
4906,正文,TWSE,2021,1.9557,0.0,1.9557
4906,正文,TWSE,2022,1.5393,0.0,1.5393
4906,正文,TWSE,2023,1.5,0.0,1.5
4906,正文,TWSE,2024,1.4807,0.0,1.4807
4906,正文,TWSE,2025,1.5005,0.0,1.5005
4906,正文,TWSE,2026,0.4732,0.0,0.4732
2536,宏普,TWSE,2015,2.0,0.0,2.0
2536,宏普,TWSE,2016,2.6,0.0,2.6
2536,宏普,TWSE,2017,2.1,0.0,2.1
2536,宏普,TWSE,2018,1.5,0.0,1.5
2536,宏普,TWSE,2019,1.0,0.0,1.0
2536,宏普,TWSE,2020,1.2,0.0,1.2
2536,宏普,TWSE,2021,1.2,0.0,1.2
2536,宏普,TWSE,2023,0.5,0.0,0.5
2536,宏普,TWSE,2024,0.5,0.0,0.5
2536,宏普,TWSE,2025,0.5,0.0,0.5
2536,宏普,TWSE,2026,2.0,0.0,2.0
2105,正新,TWSE,2015,3.0,0.0,3.0
2105,正新,TWSE,2016,3.0,0.0,3.0
2105,正新,TWSE,2017,3.0,0.0,3.0
2105,正新,TWSE,2018,1.8,0.0,1.8
2105,正新,TWSE,2019,1.1,0.0,1.1
2105,正新,TWSE,2020,1.0,0.0,1.0
2105,正新,TWSE,2021,1.2,0.0,1.2
2105,正新,TWSE,2022,1.2,0.0,1.2
2105,正新,TWSE,2023,1.4,0.0,1.4
2105,正新,TWSE,2024,2.0,0.0,2.0
2105,正新,TWSE,2025,2.4,0.0,2.4
2105,正新,TWSE,2026,1.8,0.0,1.8
6944,兆聯實業,TWSE,2023,2.0,0.0,2.0
6944,兆聯實業,TWSE,2024,8.0,1.0,9.0
6944,兆聯實業,TWSE,2025,14.0,0.0,14.0
6944,兆聯實業,TWSE,2026,17.0,3.0,20.0
9933,中鼎,TWSE,2015,2.2334,0.0,2.2334
9933,中鼎,TWSE,2016,2.396,0.0,2.396
9933,中鼎,TWSE,2017,2.6,0.0,2.6
9933,中鼎,TWSE,2018,3.2337,0.0,3.2337
9933,中鼎,TWSE,2019,2.2549,0.0,2.2549
9933,中鼎,TWSE,2020,2.0,0.0,2.0
9933,中鼎,TWSE,2021,1.9987,0.0,1.9987
9933,中鼎,TWSE,2022,2.2603,0.0,2.2603
9933,中鼎,TWSE,2023,1.896,0.0,1.896
9933,中鼎,TWSE,2024,2.0486,0.0,2.0486
9933,中鼎,TWSE,2025,1.0019,1.0019,2.0038
9933,中鼎,TWSE,2026,0.7631,0.1908,0.9538
3645,達邁,TWSE,2015,1.5,0.0,1.5
3645,達邁,TWSE,2016,0.5,0.5,1.0
3645,達邁,TWSE,2017,1.2,0.0,1.2
3645,達邁,TWSE,2018,1.5,0.0,1.5
3645,達邁,TWSE,2019,1.5,0.5,2.0
3645,達邁,TWSE,2020,0.5,0.0,0.5
3645,達邁,TWSE,2021,1.4994,0.0,1.4994
3645,達邁,TWSE,2022,1.1931,0.0,1.1931
3645,達邁,TWSE,2023,0.5999,0.0,0.5999
3645,達邁,TWSE,2024,0.3,0.0,0.3
3645,達邁,TWSE,2025,1.1949,0.0,1.1949
3645,達邁,TWSE,2026,1.2,0.0,1.2
5243,乙盛-KY,TWSE,2015,2.5683,0.0,2.5683
5243,乙盛-KY,TWSE,2016,1.2,0.0,1.2
5243,乙盛-KY,TWSE,2017,1.5,0.0,1.5
5243,乙盛-KY,TWSE,2018,2.0,0.0,2.0
5243,乙盛-KY,TWSE,2019,1.5,0.0,1.5
5243,乙盛-KY,TWSE,2020,1.8,0.0,1.8
5243,乙盛-KY,TWSE,2021,1.7,0.0,1.7
5243,乙盛-KY,TWSE,2022,1.4,0.0,1.4
5243,乙盛-KY,TWSE,2023,1.6,0.0,1.6
5243,乙盛-KY,TWSE,2024,1.6,0.0,1.6
5243,乙盛-KY,TWSE,2025,1.5,0.0,1.5
5243,乙盛-KY,TWSE,2026,2.2,0.0,2.2
5469,瀚宇博,TWSE,2015,0.6,0.0,0.6
5469,瀚宇博,TWSE,2016,0.2,0.0,0.2
5469,瀚宇博,TWSE,2017,0.6,0.0,0.6
5469,瀚宇博,TWSE,2018,0.8,0.0,0.8
5469,瀚宇博,TWSE,2019,0.9978,0.1996,1.1973
5469,瀚宇博,TWSE,2020,1.674,0.0,1.674
5469,瀚宇博,TWSE,2021,2.2,0.0,2.2
5469,瀚宇博,TWSE,2022,2.2,0.0,2.2
5469,瀚宇博,TWSE,2023,2.4,0.0,2.4
5469,瀚宇博,TWSE,2024,1.6091,0.0,1.6091
5469,瀚宇博,TWSE,2025,2.5247,0.0,2.5247
5469,瀚宇博,TWSE,2026,2.5212,0.0,2.5212
2889,國票金,TWSE,2015,0.29,0.3,0.59
2889,國票金,TWSE,2016,0.2639,0.2639,0.5279
2889,國票金,TWSE,2017,0.546,0.1489,0.6949
2889,國票金,TWSE,2018,0.65,0.12,0.77
2889,國票金,TWSE,2019,0.45,0.1,0.55
2889,國票金,TWSE,2020,0.6523,0.1706,0.8229
2889,國票金,TWSE,2021,0.65,0.35,1.0
2889,國票金,TWSE,2022,0.65,0.5,1.15
2889,國票金,TWSE,2024,0.73,0.246,0.976
2889,國票金,TWSE,2025,0.3,0.287,0.587
2889,國票金,TWSE,2026,0.5,0.089,0.589
4736,泰博,TWSE,2015,5.2,0.0,5.2
4736,泰博,TWSE,2016,4.9999,0.5,5.4999
4736,泰博,TWSE,2017,5.0,0.5,5.5
4736,泰博,TWSE,2018,4.904,0.0,4.904
4736,泰博,TWSE,2019,7.992,0.0,7.992
4736,泰博,TWSE,2020,6.4324,0.0,6.4324
4736,泰博,TWSE,2021,11.4209,0.0,11.4209
4736,泰博,TWSE,2022,14.9448,0.0,14.9448
4736,泰博,TWSE,2023,19.9817,0.0,19.9817
4736,泰博,TWSE,2024,10.0,0.0,10.0
4736,泰博,TWSE,2025,10.0,0.0,10.0
4736,泰博,TWSE,2026,5.0709,1.0142,6.0851
1810,和成,TWSE,2015,0.3,0.0,0.3
1810,和成,TWSE,2016,0.2,0.0,0.2
1810,和成,TWSE,2018,0.3,0.0,0.3
1810,和成,TWSE,2019,0.2,0.0,0.2
1810,和成,TWSE,2021,0.2,0.0,0.2
1810,和成,TWSE,2022,0.2,0.0,0.2
1810,和成,TWSE,2023,0.2,0.0,0.2
1810,和成,TWSE,2024,0.2,0.0,0.2
1810,和成,TWSE,2025,0.19,0.0,0.19
1810,和成,TWSE,2026,0.2,0.0,0.2
2633,台灣高鐵,TWSE,2016,0.65,0.0,0.65
2633,台灣高鐵,TWSE,2017,0.6,0.0,0.6
2633,台灣高鐵,TWSE,2018,0.75,0.0,0.75
2633,台灣高鐵,TWSE,2019,1.12,0.0,1.12
2633,台灣高鐵,TWSE,2020,1.2101,0.0,1.2101
2633,台灣高鐵,TWSE,2021,1.05,0.0,1.05
2633,台灣高鐵,TWSE,2022,0.758,0.0,0.758
2633,台灣高鐵,TWSE,2023,0.67,0.0,0.67
2633,台灣高鐵,TWSE,2024,1.02,0.0,1.02
2633,台灣高鐵,TWSE,2025,1.05,0.0,1.05
2633,台灣高鐵,TWSE,2026,1.15,0.0,1.15
2329,華泰,TWSE,2020,0.15,0.0,0.15
2329,華泰,TWSE,2022,1.0,0.0,1.0
2329,華泰,TWSE,2023,0.85,0.0,0.85
2329,華泰,TWSE,2024,1.1893,0.0,1.1893
2329,華泰,TWSE,2025,1.0,0.0,1.0
2329,華泰,TWSE,2026,1.0,0.0,1.0
3094,聯傑,TWSE,2015,1.15,0.0,1.15
3094,聯傑,TWSE,2016,1.16,0.0,1.16
3094,聯傑,TWSE,2017,1.1,0.0,1.1
3094,聯傑,TWSE,2018,0.9,0.0,0.9
3094,聯傑,TWSE,2019,0.8,0.0,0.8
3094,聯傑,TWSE,2020,0.824,0.0,0.824
3094,聯傑,TWSE,2021,0.8,0.0,0.8
3094,聯傑,TWSE,2022,0.9893,0.0,0.9893
3094,聯傑,TWSE,2023,1.0,0.0,1.0
3094,聯傑,TWSE,2024,0.61,0.0,0.61
3094,聯傑,TWSE,2025,0.17,0.0,0.17
3094,聯傑,TWSE,2026,0.25,0.0,0.25
2520,冠德,TWSE,2015,2.0,0.0,2.0
2520,冠德,TWSE,2016,1.0,0.0,1.0
2520,冠德,TWSE,2017,1.1,0.0,1.1
2520,冠德,TWSE,2018,0.5,0.0,0.5
2520,冠德,TWSE,2019,1.0,0.0,1.0
2520,冠德,TWSE,2020,1.5,0.0,1.5
2520,冠德,TWSE,2021,2.4,1.0,3.4
2520,冠德,TWSE,2022,2.5,0.0,2.5
2520,冠德,TWSE,2023,1.7532,0.0,1.7532
2520,冠德,TWSE,2024,1.8,0.0,1.8
2520,冠德,TWSE,2025,3.1,1.0,4.1
2520,冠德,TWSE,2026,1.6159,0.0,1.6159
8454,富邦媒,TWSE,2015,8.48,0.0,8.48
8454,富邦媒,TWSE,2016,7.0,0.0,7.0
8454,富邦媒,TWSE,2017,8.0,0.0,8.0
8454,富邦媒,TWSE,2018,8.0,0.0,8.0
8454,富邦媒,TWSE,2019,9.0,0.0,9.0
8454,富邦媒,TWSE,2020,8.5,0.0,8.5
8454,富邦媒,TWSE,2021,10.0,3.0,13.0
8454,富邦媒,TWSE,2022,13.0,2.0,15.0
8454,富邦媒,TWSE,2023,15.0,1.0,16.0
8454,富邦媒,TWSE,2024,14.8,0.5,15.3
8454,富邦媒,TWSE,2025,12.8,0.5,13.3
8454,富邦媒,TWSE,2026,10.0,0.0,10.0
2630,亞航,TWSE,2017,1.55,0.0,1.55
2630,亞航,TWSE,2018,1.25,0.0,1.25
2630,亞航,TWSE,2019,1.0,0.0,1.0
2630,亞航,TWSE,2020,0.08,0.92,1.0
2630,亞航,TWSE,2021,0.1361,0.3993,0.5355
2630,亞航,TWSE,2022,0.25,0.7492,0.9992
2630,亞航,TWSE,2023,0.36,0.0,0.36
2630,亞航,TWSE,2024,0.53,0.0,0.53
2630,亞航,TWSE,2025,0.6206,0.0,0.6206
2630,亞航,TWSE,2026,0.9,0.0,0.9
2420,新巨,TWSE,2015,3.5,0.0,3.5
2420,新巨,TWSE,2016,2.5,0.0,2.5
2420,新巨,TWSE,2017,3.0,0.0,3.0
2420,新巨,TWSE,2018,2.7,0.0,2.7
2420,新巨,TWSE,2019,2.8,0.0,2.8
2420,新巨,TWSE,2020,2.0,0.0,2.0
2420,新巨,TWSE,2021,2.55,0.0,2.55
2420,新巨,TWSE,2022,3.0,0.0,3.0
2420,新巨,TWSE,2023,3.5,0.0,3.5
2420,新巨,TWSE,2024,3.0,0.0,3.0
2420,新巨,TWSE,2025,3.5,0.0,3.5
2420,新巨,TWSE,2026,3.0,0.0,3.0
2611,志信,TWSE,2015,0.2023,0.2023,0.4046
2611,志信,TWSE,2016,0.15,0.15,0.3
2611,志信,TWSE,2018,0.1,0.0,0.1
2611,志信,TWSE,2019,0.4147,0.0,0.4147
2611,志信,TWSE,2022,1.0,1.0,2.0
2611,志信,TWSE,2024,2.3,0.0,2.3
2611,志信,TWSE,2025,1.64,0.0,1.64
2611,志信,TWSE,2026,0.52,0.0,0.52
2342,茂矽,TWSE,2018,0.0,0.0,0.0
2342,茂矽,TWSE,2019,0.27,0.0,0.27
2342,茂矽,TWSE,2021,0.5,0.0,0.5
2342,茂矽,TWSE,2022,0.5,0.0,0.5
2342,茂矽,TWSE,2023,2.0,0.0,2.0
2342,茂矽,TWSE,2025,0.2996,0.0,0.2996
2031,新光鋼,TWSE,2015,1.0,0.0,1.0
2031,新光鋼,TWSE,2016,0.6,0.0,0.6
2031,新光鋼,TWSE,2017,1.8,0.0,1.8
2031,新光鋼,TWSE,2018,1.9767,0.0,1.9767
2031,新光鋼,TWSE,2019,1.5,0.0,1.5
2031,新光鋼,TWSE,2020,0.8091,0.0,0.8091
2031,新光鋼,TWSE,2021,1.9197,0.0,1.9197
2031,新光鋼,TWSE,2022,4.0,0.0,4.0
2031,新光鋼,TWSE,2023,1.0,0.0,1.0
2031,新光鋼,TWSE,2024,3.0,0.0,3.0
2031,新光鋼,TWSE,2025,2.5,0.0,2.5
2031,新光鋼,TWSE,2026,2.5,0.0,2.5
3704,合勤控,TWSE,2015,0.155,0.0,0.155
3704,合勤控,TWSE,2017,0.2,0.0,0.2
3704,合勤控,TWSE,2021,0.4985,0.0,0.4985
3704,合勤控,TWSE,2022,0.5087,0.0,0.5087
3704,合勤控,TWSE,2023,1.2381,0.0,1.2381
3704,合勤控,TWSE,2024,1.4952,0.0,1.4952
3704,合勤控,TWSE,2025,0.2992,0.0,0.2992
3704,合勤控,TWSE,2026,0.4,0.0,0.4
4912,聯德控股-KY,TWSE,2015,4.503,0.0,4.503
4912,聯德控股-KY,TWSE,2016,6.0,0.0,6.0
4912,聯德控股-KY,TWSE,2017,4.0,0.0,4.0
4912,聯德控股-KY,TWSE,2018,2.5,0.0,2.5
4912,聯德控股-KY,TWSE,2019,2.4986,1.9989,4.4974
4912,聯德控股-KY,TWSE,2020,3.456,0.0,3.456
4912,聯德控股-KY,TWSE,2021,5.8651,1.4977,7.3627
4912,聯德控股-KY,TWSE,2022,2.5053,0.0,2.5053
4912,聯德控股-KY,TWSE,2023,1.064,0.0,1.064
4912,聯德控股-KY,TWSE,2024,3.309,0.0,3.309
4912,聯德控股-KY,TWSE,2025,0.93,0.5,1.43
4912,聯德控股-KY,TWSE,2026,1.0,0.0,1.0
2393,億光,TWSE,2015,3.9893,0.0,3.9893
2393,億光,TWSE,2016,2.9959,0.0,2.9959
2393,億光,TWSE,2017,2.9978,0.0,2.9978
2393,億光,TWSE,2018,2.9855,0.0,2.9855
2393,億光,TWSE,2019,1.4998,0.0,1.4998
2393,億光,TWSE,2020,1.3996,0.0,1.3996
2393,億光,TWSE,2021,2.25,0.0,2.25
2393,億光,TWSE,2022,3.5,0.0,3.5
2393,億光,TWSE,2023,2.5,0.0,2.5
2393,億光,TWSE,2024,3.2,0.0,3.2
2393,億光,TWSE,2025,5.31,0.0,5.31
2393,億光,TWSE,2026,4.5,0.0,4.5
6491,晶碩,TWSE,2017,1.0,0.0,1.0
6491,晶碩,TWSE,2019,1.5,0.0,1.5
6491,晶碩,TWSE,2020,2.5,0.0,2.5
6491,晶碩,TWSE,2021,5.0,0.0,5.0
6491,晶碩,TWSE,2022,8.5,0.0,8.5
6491,晶碩,TWSE,2023,10.0,0.0,10.0
6491,晶碩,TWSE,2024,10.0,0.0,10.0
6491,晶碩,TWSE,2025,11.0,0.0,11.0
6491,晶碩,TWSE,2026,10.0051,0.0,10.0051
9910,豐泰,TWSE,2015,3.7,0.3,4.0
9910,豐泰,TWSE,2016,5.0,1.2,6.2
9910,豐泰,TWSE,2017,5.2,0.0,5.2
9910,豐泰,TWSE,2018,5.0,0.0,5.0
9910,豐泰,TWSE,2019,6.7,1.0,7.7
9910,豐泰,TWSE,2020,4.0,2.0,6.0
9910,豐泰,TWSE,2021,3.7,0.0,3.7
9910,豐泰,TWSE,2022,4.1,0.0,4.1
9910,豐泰,TWSE,2023,7.7,1.2,8.9
9910,豐泰,TWSE,2024,4.3,0.0,4.3
9910,豐泰,TWSE,2025,5.1,0.0,5.1
9910,豐泰,TWSE,2026,4.1,0.0,4.1
3081,聯亞,TPEX,2015,7.0,1.5,8.5
3081,聯亞,TPEX,2016,9.0,3.0,12.0
3081,聯亞,TPEX,2017,8.0,0.0,8.0
3081,聯亞,TPEX,2018,5.0,0.0,5.0
3081,聯亞,TPEX,2019,5.0009,0.0,5.0009
3081,聯亞,TPEX,2020,4.0001,0.0,4.0001
3081,聯亞,TPEX,2021,5.0,0.0,5.0
3081,聯亞,TPEX,2022,3.5,0.0,3.5
3081,聯亞,TPEX,2023,3.5002,0.0,3.5002
3081,聯亞,TPEX,2024,0.5,0.0,0.5
3081,聯亞,TPEX,2025,0.5,0.0,0.5
3081,聯亞,TPEX,2026,3.0,1.0,4.0
4979,華星光,TPEX,2015,0.9996,0.9996,1.9992
4979,華星光,TPEX,2016,3.0066,0.0,3.0066
4979,華星光,TPEX,2018,0.0,0.0,0.0
4979,華星光,TPEX,2019,0.0,0.0,0.0
4979,華星光,TPEX,2023,0.0593,0.0,0.0593
4979,華星光,TPEX,2024,1.43,0.0,1.43
4979,華星光,TPEX,2025,1.5446,0.0,1.5446
4979,華星光,TPEX,2026,2.1534,0.0,2.1534
8358,金居,TPEX,2017,0.0,0.0,0.0
8358,金居,TPEX,2018,3.0,0.0,3.0
8358,金居,TPEX,2019,2.2,0.0,2.2
8358,金居,TPEX,2020,2.0,0.0,2.0
8358,金居,TPEX,2021,2.0,0.0,2.0
8358,金居,TPEX,2022,4.2,0.0,4.2
8358,金居,TPEX,2023,2.5,0.0,2.5
8358,金居,TPEX,2024,1.5,0.0,1.5
8358,金居,TPEX,2025,1.501,0.0,1.501
8358,金居,TPEX,2026,2.0,0.0,2.0
3105,穩懋,TPEX,2015,0.1998,0.0,0.1998
3105,穩懋,TPEX,2016,0.5085,0.0,0.5085
3105,穩懋,TPEX,2017,4.5,0.0,4.5
3105,穩懋,TPEX,2018,7.0,0.0,7.0
3105,穩懋,TPEX,2019,4.9969,0.0,4.9969
3105,穩懋,TPEX,2020,7.0,0.0,7.0
3105,穩懋,TPEX,2021,10.0,0.0,10.0
3105,穩懋,TPEX,2022,8.0007,0.0,8.0007
3105,穩懋,TPEX,2023,2.5,0.0,2.5
3105,穩懋,TPEX,2025,1.0,0.0,1.0
3105,穩懋,TPEX,2026,2.0,0.0,2.0
1815,富喬,TPEX,2015,0.2009,0.0,0.2009
1815,富喬,TPEX,2016,0.35,0.0,0.35
1815,富喬,TPEX,2017,0.4999,0.0,0.4999
1815,富喬,TPEX,2018,0.65,0.0,0.65
1815,富喬,TPEX,2019,0.5,0.1,0.6
1815,富喬,TPEX,2022,0.5999,0.3,0.8999
1815,富喬,TPEX,2023,0.1,0.2,0.3
1815,富喬,TPEX,2024,0.0,0.0,0.0
1815,富喬,TPEX,2025,0.0,0.0,0.0
1815,富喬,TPEX,2026,0.5,0.5,1.0
6488,環球晶,TPEX,2015,5.7,0.0,5.7
6488,環球晶,TPEX,2016,5.0,0.0,5.0
6488,環球晶,TPEX,2017,2.5,0.0,2.5
6488,環球晶,TPEX,2018,10.0,0.0,10.0
6488,環球晶,TPEX,2019,25.0,0.0,25.0
6488,環球晶,TPEX,2020,25.0,0.0,25.0
6488,環球晶,TPEX,2021,18.0,0.0,18.0
6488,環球晶,TPEX,2022,16.0,0.0,16.0
6488,環球晶,TPEX,2023,16.0,0.0,16.0
6488,環球晶,TPEX,2024,19.0,0.0,19.0
6488,環球晶,TPEX,2025,11.0,0.0,11.0
6488,環球晶,TPEX,2026,7.7,0.0,7.7
6274,台燿,TPEX,2015,1.6063,0.0,1.6063
6274,台燿,TPEX,2016,1.6047,0.0,1.6047
6274,台燿,TPEX,2017,2.0984,0.0,2.0984
6274,台燿,TPEX,2018,3.1885,0.0,3.1885
6274,台燿,TPEX,2019,4.3955,0.0,4.3955
6274,台燿,TPEX,2020,4.6037,0.0,4.6037
6274,台燿,TPEX,2021,4.8014,0.0,4.8014
6274,台燿,TPEX,2022,5.0048,0.0,5.0048
6274,台燿,TPEX,2023,4.0,0.0,4.0
6274,台燿,TPEX,2024,4.0075,0.0,4.0075
6274,台燿,TPEX,2025,6.504,0.0,6.504
6274,台燿,TPEX,2026,7.5066,0.0,7.5066
6223,旺矽,TPEX,2015,4.005,0.0,4.005
6223,旺矽,TPEX,2016,3.0,0.0,3.0
6223,旺矽,TPEX,2017,4.1844,0.0,4.1844
6223,旺矽,TPEX,2018,0.5,0.0,0.5
6223,旺矽,TPEX,2019,1.9996,0.0,1.9996
6223,旺矽,TPEX,2020,2.4896,0.0,2.4896
6223,旺矽,TPEX,2021,4.4701,0.0,4.4701
6223,旺矽,TPEX,2022,4.0,0.0,4.0
6223,旺矽,TPEX,2023,7.0,0.0,7.0
6223,旺矽,TPEX,2024,7.5,0.0,7.5
6223,旺矽,TPEX,2025,16.0136,0.0,16.0136
6223,旺矽,TPEX,2026,22.0,0.0,22.0
3374,精材,TPEX,2015,1.0645,0.0,1.0645
3374,精材,TPEX,2016,0.4994,0.0,0.4994
3374,精材,TPEX,2021,2.5,0.0,2.5
3374,精材,TPEX,2022,3.0,0.0,3.0
3374,精材,TPEX,2023,3.0,0.0,3.0
3374,精材,TPEX,2024,2.0,0.0,2.0
3374,精材,TPEX,2025,2.5,0.0,2.5
3374,精材,TPEX,2026,2.5,0.0,2.5
3362,先進光,TPEX,2015,1.0143,0.0,1.0143
3362,先進光,TPEX,2017,0.3,0.0,0.3
3362,先進光,TPEX,2018,0.03,0.27,0.3
3362,先進光,TPEX,2019,0.5,0.2,0.7
3362,先進光,TPEX,2023,1.0,0.0,1.0
3362,先進光,TPEX,2024,1.0,0.0,1.0
3362,先進光,TPEX,2025,0.9989,0.0,0.9989
3362,先進光,TPEX,2026,0.0,0.0,0.0
8299,群聯,TPEX,2015,11.2,0.0,11.2
8299,群聯,TPEX,2016,12.0,0.0,12.0
8299,群聯,TPEX,2017,14.0,0.0,14.0
8299,群聯,TPEX,2018,17.0,0.0,17.0
8299,群聯,TPEX,2019,13.0,0.0,13.0
8299,群聯,TPEX,2020,13.0,0.0,13.0
8299,群聯,TPEX,2021,33.0,0.0,33.0
8299,群聯,TPEX,2022,23.2775,0.0,23.2775
8299,群聯,TPEX,2023,8.8758,0.0,8.8758
8299,群聯,TPEX,2024,8.6593,0.0,8.6593
8299,群聯,TPEX,2025,31.3109,0.0,31.3109
8299,群聯,TPEX,2026,16.9643,0.0,16.9643
6147,頎邦,TPEX,2015,2.6,0.0,2.6
6147,頎邦,TPEX,2016,2.1,0.0,2.1
6147,頎邦,TPEX,2017,2.1,0.0,2.1
6147,頎邦,TPEX,2018,2.35,0.0,2.35
6147,頎邦,TPEX,2019,3.5,0.0,3.5
6147,頎邦,TPEX,2020,4.2,0.0,4.2
6147,頎邦,TPEX,2021,3.8,0.0,3.8
6147,頎邦,TPEX,2022,6.0,0.0,6.0
6147,頎邦,TPEX,2023,5.5,0.0,5.5
6147,頎邦,TPEX,2024,3.75,0.0,3.75
6147,頎邦,TPEX,2025,3.7502,0.0,3.7502
6147,頎邦,TPEX,2026,2.8,0.0,2.8
3163,波若威,TPEX,2015,1.0822,0.0,1.0822
3163,波若威,TPEX,2017,2.2015,0.0,2.2015
3163,波若威,TPEX,2019,0.6,0.0,0.6
3163,波若威,TPEX,2020,1.1595,0.0,1.1595
3163,波若威,TPEX,2021,2.5,0.0,2.5
3163,波若威,TPEX,2022,1.0,0.0,1.0
3163,波若威,TPEX,2023,4.2,0.0,4.2
3163,波若威,TPEX,2024,3.6,0.0,3.6
3163,波若威,TPEX,2025,3.0,0.0,3.0
3163,波若威,TPEX,2026,1.75,1.75,3.5
6182,合晶,TPEX,2016,0.0,0.0,0.0
6182,合晶,TPEX,2018,0.3765,0.0,0.3765
6182,合晶,TPEX,2019,2.5,0.0,2.5
6182,合晶,TPEX,2020,1.8,0.0,1.8
6182,合晶,TPEX,2021,1.1,0.0,1.1
6182,合晶,TPEX,2022,1.35,0.0,1.35
6182,合晶,TPEX,2023,2.4956,0.0,2.4956
6182,合晶,TPEX,2024,0.65,0.0,0.65
6182,合晶,TPEX,2026,0.0,0.0,0.0
3324,雙鴻,TPEX,2015,0.2,0.0,0.2
3324,雙鴻,TPEX,2016,0.9164,0.0,0.9164
3324,雙鴻,TPEX,2017,3.5511,0.0,3.5511
3324,雙鴻,TPEX,2018,2.026,0.0,2.026
3324,雙鴻,TPEX,2019,1.5245,0.0,1.5245
3324,雙鴻,TPEX,2020,5.0428,0.0,5.0428
3324,雙鴻,TPEX,2021,5.6,0.0,5.6
3324,雙鴻,TPEX,2022,6.0,0.0,6.0
3324,雙鴻,TPEX,2023,6.5,0.0,6.5
3324,雙鴻,TPEX,2024,6.348,0.0,6.348
3324,雙鴻,TPEX,2025,9.9987,0.0,9.9987
3324,雙鴻,TPEX,2026,11.9033,0.0,11.9033
3211,順達,TPEX,2015,5.0,0.0,5.0
3211,順達,TPEX,2016,3.5,0.0,3.5
3211,順達,TPEX,2017,3.0,0.0,3.0
3211,順達,TPEX,2018,2.5,0.0,2.5
3211,順達,TPEX,2019,3.5,0.0,3.5
3211,順達,TPEX,2020,5.0,0.0,5.0
3211,順達,TPEX,2021,6.5,0.0,6.5
3211,順達,TPEX,2022,15.0254,0.0,15.0254
3211,順達,TPEX,2023,6.0418,0.0,6.0418
3211,順達,TPEX,2024,5.529,0.0,5.529
3211,順達,TPEX,2025,12.4978,0.0,12.4978
3211,順達,TPEX,2026,11.4655,0.0,11.4655
3363,上詮,TPEX,2015,0.4961,0.0,0.4961
3363,上詮,TPEX,2017,0.5001,0.0,0.5001
3363,上詮,TPEX,2018,1.0,0.0,1.0
3363,上詮,TPEX,2019,1.5,0.0,1.5
3363,上詮,TPEX,2020,0.8,0.0,0.8
3363,上詮,TPEX,2021,1.0,0.0,1.0
3363,上詮,TPEX,2022,1.6,0.0,1.6
3363,上詮,TPEX,2023,0.5,0.0,0.5
3363,上詮,TPEX,2024,0.5,0.0,0.5
3363,上詮,TPEX,2026,0.0,0.0,0.0
6187,萬潤,TPEX,2015,1.75,0.0,1.75
6187,萬潤,TPEX,2016,2.026,0.0,2.026
6187,萬潤,TPEX,2017,3.0,0.0,3.0
6187,萬潤,TPEX,2018,3.1,0.0,3.1
6187,萬潤,TPEX,2019,3.1,0.0,3.1
6187,萬潤,TPEX,2020,1.5344,0.0,1.5344
6187,萬潤,TPEX,2021,3.0,0.0,3.0
6187,萬潤,TPEX,2022,4.5,0.0,4.5
6187,萬潤,TPEX,2023,3.062,0.0,3.062
6187,萬潤,TPEX,2024,1.4728,0.0,1.4728
6187,萬潤,TPEX,2025,10.1866,0.0,10.1866
6187,萬潤,TPEX,2026,11.6606,0.0,11.6606
3260,威剛,TPEX,2015,2.5184,0.0,2.5184
3260,威剛,TPEX,2016,0.5,0.0,0.5
3260,威剛,TPEX,2017,4.0,0.0,4.0
3260,威剛,TPEX,2018,6.0,0.0,6.0
3260,威剛,TPEX,2019,0.2,0.0,0.2
3260,威剛,TPEX,2020,1.4108,0.0,1.4108
3260,威剛,TPEX,2021,3.1843,0.0,3.1843
3260,威剛,TPEX,2022,5.4339,0.0,5.4339
3260,威剛,TPEX,2023,2.0,0.0,2.0
3260,威剛,TPEX,2024,3.0,0.0,3.0
3260,威剛,TPEX,2025,5.1225,0.0,5.1225
3260,威剛,TPEX,2026,17.0,0.0,17.0
5274,信驊,TPEX,2015,7.0,2.0,9.0
5274,信驊,TPEX,2016,8.0,0.0,8.0
5274,信驊,TPEX,2017,12.0014,0.0,12.0014
5274,信驊,TPEX,2018,15.0,0.0,15.0
5274,信驊,TPEX,2019,18.0,0.0,18.0
5274,信驊,TPEX,2020,22.0,0.0,22.0
5274,信驊,TPEX,2021,26.0,0.0,26.0
5274,信驊,TPEX,2022,35.0,1.0,36.0
5274,信驊,TPEX,2023,45.0,0.0,45.0
5274,信驊,TPEX,2024,20.0,0.0,20.0
5274,信驊,TPEX,2025,52.0,0.0,52.0
5274,信驊,TPEX,2026,80.0,1.0,81.0
3293,鈊象,TPEX,2015,2.8,0.0,2.8
3293,鈊象,TPEX,2016,4.5,0.0,4.5
3293,鈊象,TPEX,2017,10.0,0.0,10.0
3293,鈊象,TPEX,2018,11.0,0.0,11.0
3293,鈊象,TPEX,2019,11.0,0.0,11.0
3293,鈊象,TPEX,2020,25.0,0.0,25.0
3293,鈊象,TPEX,2021,42.0,0.0,42.0
3293,鈊象,TPEX,2022,50.0,10.0,60.0
3293,鈊象,TPEX,2023,35.0,0.0,35.0
3293,鈊象,TPEX,2024,35.0,10.0,45.0
3293,鈊象,TPEX,2025,29.0,0.0,29.0
3293,鈊象,TPEX,2026,36.0,0.0,36.0
4931,新盛力,TPEX,2017,0.5,0.0,0.5
4931,新盛力,TPEX,2018,0.2,0.0,0.2
4931,新盛力,TPEX,2019,1.0,0.0,1.0
4931,新盛力,TPEX,2020,1.7,0.0,1.7
4931,新盛力,TPEX,2021,0.8902,0.0,0.8902
4931,新盛力,TPEX,2023,2.1888,0.0,2.1888
4931,新盛力,TPEX,2024,0.8,0.0,0.8
4931,新盛力,TPEX,2025,2.0019,0.0,2.0019
4931,新盛力,TPEX,2026,2.5,0.0,2.5
5425,台半,TPEX,2015,2.0,0.0,2.0
5425,台半,TPEX,2016,2.5,0.0,2.5
5425,台半,TPEX,2017,2.5,0.0,2.5
5425,台半,TPEX,2018,2.9814,0.0,2.9814
5425,台半,TPEX,2019,3.0,0.0,3.0
5425,台半,TPEX,2020,1.5,0.0,1.5
5425,台半,TPEX,2021,1.5,0.0,1.5
5425,台半,TPEX,2022,2.5,0.0,2.5
5425,台半,TPEX,2023,4.0,0.0,4.0
5425,台半,TPEX,2024,2.0,0.0,2.0
5425,台半,TPEX,2025,2.023,0.0,2.023
5425,台半,TPEX,2026,2.0215,0.0,2.0215
5483,中美晶,TPEX,2015,1.8,0.0,1.8
5483,中美晶,TPEX,2016,1.5,0.0,1.5
5483,中美晶,TPEX,2017,1.5,0.0,1.5
5483,中美晶,TPEX,2018,3.0,0.0,3.0
5483,中美晶,TPEX,2019,3.0,0.0,3.0
5483,中美晶,TPEX,2020,5.0,0.0,5.0
5483,中美晶,TPEX,2021,9.0,0.0,9.0
5483,中美晶,TPEX,2022,8.0,0.0,8.0
5483,中美晶,TPEX,2023,9.0,0.0,9.0
5483,中美晶,TPEX,2024,8.8,0.0,8.8
5483,中美晶,TPEX,2025,6.5,0.0,6.5
5483,中美晶,TPEX,2026,3.5,0.0,3.5
4939,亞電,TPEX,2015,0.6991,0.0,0.6991
4939,亞電,TPEX,2018,0.5,0.0,0.5
4939,亞電,TPEX,2019,0.5,0.0,0.5
4939,亞電,TPEX,2020,0.25,0.0,0.25
4939,亞電,TPEX,2021,1.25,0.0,1.25
4939,亞電,TPEX,2022,1.4,0.0,1.4
4939,亞電,TPEX,2023,0.48,0.0,0.48
4939,亞電,TPEX,2024,0.5,0.0,0.5
4939,亞電,TPEX,2025,0.5,0.0,0.5
4939,亞電,TPEX,2026,0.25,0.0,0.25
4991,環宇-KY,TPEX,2015,0.2414,2.173,2.4145
4991,環宇-KY,TPEX,2016,0.2377,2.1397,2.3775
4991,環宇-KY,TPEX,2017,0.9503,0.0,0.9503
4991,環宇-KY,TPEX,2018,0.9789,0.0,0.9789
4991,環宇-KY,TPEX,2019,1.192,0.0,1.192
4991,環宇-KY,TPEX,2020,0.5068,0.0,0.5068
4991,環宇-KY,TPEX,2025,0.0,0.0,0.0
5289,宜鼎,TPEX,2015,4.5,0.5,5.0
5289,宜鼎,TPEX,2016,4.4662,0.4962,4.9624
5289,宜鼎,TPEX,2017,3.8823,0.4853,4.3676
5289,宜鼎,TPEX,2018,5.6091,0.2952,5.9044
5289,宜鼎,TPEX,2019,6.0,0.2,6.2
5289,宜鼎,TPEX,2020,7.5,0.2,7.7
5289,宜鼎,TPEX,2021,6.6956,0.0,6.6956
5289,宜鼎,TPEX,2022,11.5241,0.2955,11.8196
5289,宜鼎,TPEX,2023,13.7819,0.1997,13.9817
5289,宜鼎,TPEX,2024,10.2,0.2,10.4
5289,宜鼎,TPEX,2025,9.3772,0.1995,9.5768
5289,宜鼎,TPEX,2026,16.8349,0.1992,17.0341
3491,昇達科,TPEX,2015,4.0831,0.0,4.0831
3491,昇達科,TPEX,2016,4.3,0.0,4.3
3491,昇達科,TPEX,2017,4.0,0.0,4.0
3491,昇達科,TPEX,2018,3.85,0.0,3.85
3491,昇達科,TPEX,2019,3.3967,0.5994,3.9961
3491,昇達科,TPEX,2020,3.996,0.0,3.996
3491,昇達科,TPEX,2021,2.5,0.0,2.5
3491,昇達科,TPEX,2022,4.0,0.0,4.0
3491,昇達科,TPEX,2023,3.9571,0.0,3.9571
3491,昇達科,TPEX,2024,3.351,0.0,3.351
3491,昇達科,TPEX,2025,6.4885,0.0,6.4885
3491,昇達科,TPEX,2026,6.8,0.0,6.8
3529,力旺,TPEX,2015,6.0,0.0,6.0
3529,力旺,TPEX,2016,6.0,0.0,6.0
3529,力旺,TPEX,2017,6.5,0.0,6.5
3529,力旺,TPEX,2018,7.499,0.0,7.499
3529,力旺,TPEX,2019,7.9984,0.0,7.9984
3529,力旺,TPEX,2020,7.0,0.0,7.0
3529,力旺,TPEX,2021,8.999,0.0,8.999
3529,力旺,TPEX,2022,13.9998,0.0,13.9998
3529,力旺,TPEX,2023,20.4994,0.0,20.4994
3529,力旺,TPEX,2024,17.499,0.0,17.499
3529,力旺,TPEX,2025,21.9971,0.0,21.9971
3529,力旺,TPEX,2026,20.5,0.0,20.5
4908,前鼎,TPEX,2015,1.8007,0.0,1.8007
4908,前鼎,TPEX,2016,0.4002,0.0,0.4002
4908,前鼎,TPEX,2017,0.6502,0.0,0.6502
4908,前鼎,TPEX,2018,0.8078,0.0,0.8078
4908,前鼎,TPEX,2019,0.86,0.0,0.86
4908,前鼎,TPEX,2020,1.1,0.0,1.1
4908,前鼎,TPEX,2021,1.1,0.0,1.1
4908,前鼎,TPEX,2022,1.8,0.0,1.8
4908,前鼎,TPEX,2023,3.0,0.0,3.0
4908,前鼎,TPEX,2024,2.4,0.0,2.4
4908,前鼎,TPEX,2025,1.75,0.0,1.75
4908,前鼎,TPEX,2026,1.0,0.0,1.0
5347,世界,TPEX,2015,2.5988,0.0,2.5988
5347,世界,TPEX,2016,2.6,0.0,2.6
5347,世界,TPEX,2017,3.0,0.0,3.0
5347,世界,TPEX,2018,3.0,0.0,3.0
5347,世界,TPEX,2019,3.2,0.0,3.2
5347,世界,TPEX,2020,3.2,0.0,3.2
5347,世界,TPEX,2021,3.5,0.0,3.5
5347,世界,TPEX,2022,4.5,0.0,4.5
5347,世界,TPEX,2023,4.5,0.0,4.5
5347,世界,TPEX,2024,4.5,0.0,4.5
5347,世界,TPEX,2025,4.4982,0.0,4.4982
5347,世界,TPEX,2026,4.4738,0.0,4.4738
5351,鈺創,TPEX,2015,0.1992,0.0,0.1992
5351,鈺創,TPEX,2020,0.0,0.0,0.0
5351,鈺創,TPEX,2022,0.7981,0.4988,1.2969
5351,鈺創,TPEX,2023,0.02,0.1397,0.1597
5351,鈺創,TPEX,2024,0.0,0.0,0.0
6290,良維,TPEX,2015,1.8132,0.0,1.8132
6290,良維,TPEX,2016,2.0,0.0,2.0
6290,良維,TPEX,2017,2.653,0.0,2.653
6290,良維,TPEX,2018,1.503,0.0,1.503
6290,良維,TPEX,2019,1.4916,0.0,1.4916
6290,良維,TPEX,2020,3.5514,0.0,3.5514
6290,良維,TPEX,2021,3.5,0.0,3.5
6290,良維,TPEX,2022,2.0,0.0,2.0
6290,良維,TPEX,2023,2.11,0.0,2.11
6290,良維,TPEX,2024,2.9732,0.0,2.9732
6290,良維,TPEX,2025,4.9984,0.0,4.9984
6290,良維,TPEX,2026,6.1923,0.0,6.1923
3264,欣銓,TPEX,2015,1.6001,0.1,1.7002
3264,欣銓,TPEX,2016,1.3003,0.1,1.4003
3264,欣銓,TPEX,2017,1.2503,0.0,1.2503
3264,欣銓,TPEX,2018,1.6487,0.0,1.6487
3264,欣銓,TPEX,2019,1.6002,0.0,1.6002
3264,欣銓,TPEX,2020,1.3,0.0,1.3
3264,欣銓,TPEX,2021,2.0001,0.0,2.0001
3264,欣銓,TPEX,2022,2.8,0.0,2.8
3264,欣銓,TPEX,2023,3.5,0.0,3.5
3264,欣銓,TPEX,2024,3.3,0.0,3.3
3264,欣銓,TPEX,2025,4.0,0.0,4.0
3264,欣銓,TPEX,2026,4.2,0.0,4.2
3441,聯一光,TPEX,2015,0.6,0.0,0.6
3441,聯一光,TPEX,2017,1.2,0.0,1.2
3441,聯一光,TPEX,2018,1.5,0.0,1.5
3441,聯一光,TPEX,2019,1.5,0.0,1.5
3441,聯一光,TPEX,2020,2.1,0.0,2.1
3441,聯一光,TPEX,2021,0.5,0.0,0.5
3441,聯一光,TPEX,2022,0.5,0.0,0.5
3441,聯一光,TPEX,2023,1.5,0.0,1.5
3441,聯一光,TPEX,2024,0.5,0.0,0.5
3441,聯一光,TPEX,2025,0.75,0.0,0.75
3441,聯一光,TPEX,2026,0.85,0.0,0.85
3131,弘塑,TPEX,2015,7.5,0.0,7.5
3131,弘塑,TPEX,2016,12.0,0.0,12.0
3131,弘塑,TPEX,2017,10.0,0.0,10.0
3131,弘塑,TPEX,2018,10.0,0.0,10.0
3131,弘塑,TPEX,2019,8.0,0.0,8.0
3131,弘塑,TPEX,2020,8.0,0.0,8.0
3131,弘塑,TPEX,2021,11.0,0.0,11.0
3131,弘塑,TPEX,2022,17.0,0.0,17.0
3131,弘塑,TPEX,2023,18.0,0.0,18.0
3131,弘塑,TPEX,2024,16.0,0.0,16.0
3131,弘塑,TPEX,2025,22.0,0.0,22.0
3131,弘塑,TPEX,2026,46.0845,0.0,46.0845
6173,信昌電,TPEX,2015,0.4006,0.0,0.4006
6173,信昌電,TPEX,2016,0.3504,0.0,0.3504
6173,信昌電,TPEX,2017,0.302,0.0,0.302
6173,信昌電,TPEX,2018,1.5,0.0,1.5
6173,信昌電,TPEX,2019,4.3,0.0,4.3
6173,信昌電,TPEX,2020,1.8,0.0,1.8
6173,信昌電,TPEX,2021,2.0093,0.0,2.0093
6173,信昌電,TPEX,2022,2.0093,0.0,2.0093
6173,信昌電,TPEX,2023,1.2056,0.0,1.2056
6173,信昌電,TPEX,2024,1.2056,0.0,1.2056
6173,信昌電,TPEX,2025,1.4065,0.0,1.4065
6173,信昌電,TPEX,2026,1.8,0.0,1.8
7751,竑騰,TPEX,2024,6.0,0.0,6.0
7751,竑騰,TPEX,2025,10.0,0.0,10.0
7751,竑騰,TPEX,2026,18.0,0.0,18.0
6727,亞泰金屬,TPEX,2019,2.0,0.0,2.0
6727,亞泰金屬,TPEX,2020,2.0,0.0,2.0
6727,亞泰金屬,TPEX,2021,2.5,0.0,2.5
6727,亞泰金屬,TPEX,2022,3.0,0.0,3.0
6727,亞泰金屬,TPEX,2023,3.9709,0.0,3.9709
6727,亞泰金屬,TPEX,2024,2.0,0.0,2.0
6727,亞泰金屬,TPEX,2025,3.0,0.0,3.0
6727,亞泰金屬,TPEX,2026,4.5,0.0,4.5
6510,精測,TPEX,2015,2.3,0.0,2.3
6510,精測,TPEX,2016,6.0,0.0,6.0
6510,精測,TPEX,2017,8.0,0.0,8.0
6510,精測,TPEX,2018,10.0,0.0,10.0
6510,精測,TPEX,2019,10.0,0.0,10.0
6510,精測,TPEX,2020,10.0,0.0,10.0
6510,精測,TPEX,2021,12.0,0.0,12.0
6510,精測,TPEX,2022,13.6,0.0,13.6
6510,精測,TPEX,2023,11.75,0.0,11.75
6510,精測,TPEX,2024,0.5,0.0,0.5
6510,精測,TPEX,2025,7.8,0.0,7.8
6510,精測,TPEX,2026,15.2349,0.0,15.2349
6588,東典光電,TPEX,2017,3.0,1.0,4.0
6588,東典光電,TPEX,2018,3.5,0.0,3.5
6588,東典光電,TPEX,2019,1.0,0.0,1.0
6588,東典光電,TPEX,2020,1.3076,0.0,1.3076
6588,東典光電,TPEX,2021,1.5,0.0,1.5
6588,東典光電,TPEX,2022,0.75,0.0,0.75
6588,東典光電,TPEX,2024,0.0,0.0,0.0
7734,印能科技,TPEX,2024,14.7457,0.0,14.7457
7734,印能科技,TPEX,2025,21.7165,2.5651,24.2816
7734,印能科技,TPEX,2026,19.8506,0.0,19.8506
8932,智通*,TPEX,2019,0.6,0.0,0.6
8932,智通*,TPEX,2021,0.0,0.0,0.0
8932,智通*,TPEX,2024,0.0072,0.0652,0.0725
8932,智通*,TPEX,2025,0.2819,0.4207,0.7027
8932,智通*,TPEX,2026,0.7207,0.4804,1.2011
8086,宏捷科,TPEX,2015,1.9539,0.0,1.9539
8086,宏捷科,TPEX,2016,4.75,0.0,4.75
8086,宏捷科,TPEX,2017,2.4,0.0,2.4
8086,宏捷科,TPEX,2018,1.3997,0.0,1.3997
8086,宏捷科,TPEX,2019,1.5,0.0,1.5
8086,宏捷科,TPEX,2020,1.7,0.0,1.7
8086,宏捷科,TPEX,2021,2.8,0.0,2.8
8086,宏捷科,TPEX,2022,2.8,0.0,2.8
8086,宏捷科,TPEX,2024,1.0,0.0,1.0
8086,宏捷科,TPEX,2025,1.19,0.0,1.19
8086,宏捷科,TPEX,2026,1.68,0.0,1.68
5536,聖暉*,TPEX,2015,2.0,0.0,2.0
5536,聖暉*,TPEX,2016,6.0036,0.0,6.0036
5536,聖暉*,TPEX,2017,8.0143,0.0,8.0143
5536,聖暉*,TPEX,2018,13.0011,1.5001,14.5012
5536,聖暉*,TPEX,2019,15.0044,0.0,15.0044
5536,聖暉*,TPEX,2020,15.0,0.0,15.0
5536,聖暉*,TPEX,2021,12.0,0.0,12.0
5536,聖暉*,TPEX,2022,15.0,0.0,15.0
5536,聖暉*,TPEX,2023,11.6812,0.0,11.6812
5536,聖暉*,TPEX,2024,10.5,0.0,10.5
5536,聖暉*,TPEX,2025,15.0,0.0,15.0
5536,聖暉*,TPEX,2026,20.0,0.0,20.0
3234,光環,TPEX,2015,2.5623,0.0,2.5623
3234,光環,TPEX,2016,5.0,0.0,5.0
3234,光環,TPEX,2017,1.0005,0.0,1.0005
3234,光環,TPEX,2023,0.0,0.0,0.0
3234,光環,TPEX,2026,0.0,0.0,0.0
8069,元太,TPEX,2016,0.4784,0.0,0.4784
8069,元太,TPEX,2017,1.4961,0.0,1.4961
8069,元太,TPEX,2018,1.64,0.0,1.64
8069,元太,TPEX,2019,2.0923,0.0,2.0923
8069,元太,TPEX,2020,2.0,0.0,2.0
8069,元太,TPEX,2021,2.6857,0.0,2.6857
8069,元太,TPEX,2022,3.2,0.0,3.2
8069,元太,TPEX,2023,4.5,0.0,4.5
8069,元太,TPEX,2024,4.4896,0.0,4.4896
8069,元太,TPEX,2025,4.9901,0.0,4.9901
8069,元太,TPEX,2026,5.8882,0.0,5.8882
3680,家登,TPEX,2015,0.5,0.0,0.5
3680,家登,TPEX,2016,0.5054,0.0,0.5054
3680,家登,TPEX,2017,0.3702,0.0,0.3702
3680,家登,TPEX,2018,0.25,0.0,0.25
3680,家登,TPEX,2019,0.2539,0.0,0.2539
3680,家登,TPEX,2020,2.0278,0.0,2.0278
3680,家登,TPEX,2021,5.0,0.0,5.0
3680,家登,TPEX,2022,6.8014,0.0,6.8014
3680,家登,TPEX,2023,7.9511,0.0,7.9511
3680,家登,TPEX,2024,7.2961,0.0,7.2961
3680,家登,TPEX,2025,7.0,0.0,7.0
3680,家登,TPEX,2026,4.9973,0.0,4.9973
6547,高端疫苗,TPEX,2015,0.0,0.0,0.0
6547,高端疫苗,TPEX,2016,0.0,0.0,0.0
6547,高端疫苗,TPEX,2017,0.0,0.0,0.0
6547,高端疫苗,TPEX,2019,0.0,0.0,0.0
6547,高端疫苗,TPEX,2020,0.0,0.0,0.0
6547,高端疫苗,TPEX,2022,0.0,4.8281,4.8281
3624,光頡,TPEX,2015,1.0,0.0,1.0
3624,光頡,TPEX,2016,2.5,0.0,2.5
3624,光頡,TPEX,2017,0.5,0.0,0.5
3624,光頡,TPEX,2018,0.5,0.0,0.5
3624,光頡,TPEX,2019,1.2,0.0,1.2
3624,光頡,TPEX,2020,0.7,0.0,0.7
3624,光頡,TPEX,2021,0.8,0.0,0.8
3624,光頡,TPEX,2022,2.2,0.0,2.2
3624,光頡,TPEX,2023,2.6,0.0,2.6
3624,光頡,TPEX,2024,1.2,0.0,1.2
3624,光頡,TPEX,2025,1.23,0.0,1.23
3624,光頡,TPEX,2026,1.1,0.0,1.1
8111,立碁,TPEX,2019,0.45,0.0,0.45
8111,立碁,TPEX,2020,0.4582,0.0,0.4582
8111,立碁,TPEX,2021,0.9,0.0,0.9
8111,立碁,TPEX,2022,2.1,0.0,2.1
8111,立碁,TPEX,2023,1.2,0.0,1.2
8111,立碁,TPEX,2024,0.8,0.0,0.8
8111,立碁,TPEX,2025,0.9,0.0,0.9
8111,立碁,TPEX,2026,0.6,0.0,0.6
8027,鈦昇,TPEX,2015,1.2,0.0,1.2
8027,鈦昇,TPEX,2016,0.3081,0.0,0.3081
8027,鈦昇,TPEX,2017,0.0,0.0,0.0
8027,鈦昇,TPEX,2019,0.3026,0.2017,0.5043
8027,鈦昇,TPEX,2021,1.1888,0.0,1.1888
8027,鈦昇,TPEX,2022,1.5941,0.0,1.5941
8027,鈦昇,TPEX,2023,2.003,0.0,2.003
8027,鈦昇,TPEX,2024,0.5009,0.0,0.5009
3693,營邦,TPEX,2015,5.6587,0.0,5.6587
3693,營邦,TPEX,2016,5.3,0.0,5.3
3693,營邦,TPEX,2017,3.0014,0.0,3.0014
3693,營邦,TPEX,2021,0.7,0.0,0.7
3693,營邦,TPEX,2022,1.5,0.0,1.5
3693,營邦,TPEX,2023,6.0,0.0,6.0
3693,營邦,TPEX,2024,10.0,0.0,10.0
3693,營邦,TPEX,2025,11.0,0.0,11.0
3693,營邦,TPEX,2026,8.0,0.0,8.0
6683,雍智科技,TPEX,2018,2.0,0.0,2.0
6683,雍智科技,TPEX,2019,3.0,0.0,3.0
6683,雍智科技,TPEX,2020,4.0,0.0,4.0
6683,雍智科技,TPEX,2021,5.5,0.0,5.5
6683,雍智科技,TPEX,2022,7.757,0.0,7.757
6683,雍智科技,TPEX,2023,7.5022,0.0,7.5022
6683,雍智科技,TPEX,2024,6.5092,0.0,6.5092
6683,雍智科技,TPEX,2025,10.004,0.0,10.004
6683,雍智科技,TPEX,2026,9.0015,0.0,9.0015
3388,崇越電,TPEX,2015,5.0018,0.0,5.0018
3388,崇越電,TPEX,2016,4.0017,0.0,4.0017
3388,崇越電,TPEX,2017,4.0,0.0,4.0
3388,崇越電,TPEX,2018,4.6028,0.0,4.6028
3388,崇越電,TPEX,2019,5.1,0.0,5.1
3388,崇越電,TPEX,2020,3.6,0.0,3.6
3388,崇越電,TPEX,2021,4.3,0.0,4.3
3388,崇越電,TPEX,2022,6.0,0.0,6.0
3388,崇越電,TPEX,2023,4.4099,0.0,4.4099
3388,崇越電,TPEX,2024,3.1,0.0,3.1
3388,崇越電,TPEX,2025,3.5,0.0,3.5
3388,崇越電,TPEX,2026,3.3374,0.0,3.3374
5439,高技,TPEX,2015,1.6,0.0,1.6
5439,高技,TPEX,2016,1.5,0.0,1.5
5439,高技,TPEX,2017,1.8139,0.0,1.8139
5439,高技,TPEX,2018,2.0,0.0,2.0
5439,高技,TPEX,2019,2.8,0.0,2.8
5439,高技,TPEX,2020,2.3,0.0,2.3
5439,高技,TPEX,2021,2.5,0.0,2.5
5439,高技,TPEX,2022,3.6,0.0,3.6
5439,高技,TPEX,2023,3.3,0.0,3.3
5439,高技,TPEX,2024,4.1,0.0,4.1
5439,高技,TPEX,2025,2.2,0.0,2.2
5439,高技,TPEX,2026,7.1999,0.0,7.1999
6538,倉和,TPEX,2016,4.25,0.0,4.25
6538,倉和,TPEX,2017,4.3,0.0,4.3
6538,倉和,TPEX,2018,1.3036,0.0,1.3036
6538,倉和,TPEX,2019,1.0,0.0,1.0
6538,倉和,TPEX,2020,2.5,2.3,4.8
6538,倉和,TPEX,2021,7.0,0.0,7.0
6538,倉和,TPEX,2022,2.5,0.0,2.5
6538,倉和,TPEX,2023,3.3008,0.0,3.3008
6538,倉和,TPEX,2024,7.0055,0.0,7.0055
6538,倉和,TPEX,2025,7.0033,0.0,7.0033
6538,倉和,TPEX,2026,1.5327,0.0,1.5327
6217,中探針,TPEX,2015,1.7501,0.0875,1.8376
6217,中探針,TPEX,2016,2.4,0.4,2.8
6217,中探針,TPEX,2017,1.7,0.1,1.8
6217,中探針,TPEX,2018,1.6,0.0,1.6
6217,中探針,TPEX,2019,0.6986,0.0,0.6986
6217,中探針,TPEX,2020,1.0285,0.0,1.0285
6217,中探針,TPEX,2021,1.0493,0.0,1.0493
6217,中探針,TPEX,2022,1.6701,0.0,1.6701
6217,中探針,TPEX,2023,1.5,0.0,1.5
6217,中探針,TPEX,2024,0.3,0.0,0.3
6217,中探針,TPEX,2025,0.0,0.0,0.0
3162,精確,TPEX,2021,0.0,0.0,0.0
3162,精確,TPEX,2022,0.0,0.0,0.0
3162,精確,TPEX,2025,0.5009,0.0,0.5009
3162,精確,TPEX,2026,0.8651,0.0,0.8651
4966,譜瑞-KY,TPEX,2015,4.9818,0.0,4.9818
4966,譜瑞-KY,TPEX,2016,4.9405,0.0,4.9405
4966,譜瑞-KY,TPEX,2017,8.8807,0.0,8.8807
4966,譜瑞-KY,TPEX,2018,12.2218,0.0,12.2218
4966,譜瑞-KY,TPEX,2019,12.3104,0.0,12.3104
4966,譜瑞-KY,TPEX,2020,15.0695,0.0,15.0695
4966,譜瑞-KY,TPEX,2021,21.7409,0.0,21.7409
4966,譜瑞-KY,TPEX,2022,32.4814,0.0,32.4814
4966,譜瑞-KY,TPEX,2023,30.7724,0.0,30.7724
4966,譜瑞-KY,TPEX,2024,12.7669,0.0,12.7669
4966,譜瑞-KY,TPEX,2025,9.2829,0.0,9.2829
4966,譜瑞-KY,TPEX,2026,17.7912,0.0,17.7912
5340,建榮,TPEX,2025,0.2,0.0,0.2
5340,建榮,TPEX,2026,0.6,0.0,0.6
6829,千附精密,TPEX,2022,3.6364,0.0,3.6364
6829,千附精密,TPEX,2023,5.4,0.0,5.4
6829,千附精密,TPEX,2024,3.0,0.0,3.0
6829,千附精密,TPEX,2025,5.0,0.0,5.0
6829,千附精密,TPEX,2026,3.5,0.0,3.5
3675,德微,TPEX,2016,0.63,0.0,0.63
3675,德微,TPEX,2017,3.46,0.0,3.46
3675,德微,TPEX,2018,2.0,0.0,2.0
3675,德微,TPEX,2019,2.0,0.0,2.0
3675,德微,TPEX,2020,1.3,0.0,1.3
3675,德微,TPEX,2021,2.0,0.0,2.0
3675,德微,TPEX,2022,5.0,0.0,5.0
3675,德微,TPEX,2023,5.4,1.3,6.7
3675,德微,TPEX,2024,5.0,0.0,5.0
3675,德微,TPEX,2025,5.15,0.0,5.15
6548,長科*,TPEX,2016,3.0,0.0,3.0
6548,長科*,TPEX,2017,1.2,0.0,1.2
6548,長科*,TPEX,2018,11.5032,0.0,11.5032
6548,長科*,TPEX,2019,17.34,0.0,17.34
6548,長科*,TPEX,2020,1.3,0.0,1.3
6548,長科*,TPEX,2021,1.5984,0.0,1.5984
6548,長科*,TPEX,2022,2.42,0.0,2.42
6548,長科*,TPEX,2023,1.6077,0.0,1.6077
6548,長科*,TPEX,2024,1.63,0.0,1.63
6548,長科*,TPEX,2025,1.3582,0.0,1.3582
6548,長科*,TPEX,2026,0.9,0.0,0.9
6291,沛亨,TPEX,2023,1.5,0.0,1.5
6291,沛亨,TPEX,2024,8.0,0.0,8.0
6291,沛亨,TPEX,2025,5.8,0.0,5.8
6291,沛亨,TPEX,2026,6.0,0.0,6.0
5904,寶雅*,TPEX,2015,7.4,0.1,7.5
5904,寶雅*,TPEX,2016,8.8,0.1,8.9
5904,寶雅*,TPEX,2017,10.7,0.1,10.8
5904,寶雅*,TPEX,2018,13.0,0.0,13.0
5904,寶雅*,TPEX,2019,15.75,0.0,15.75
5904,寶雅*,TPEX,2020,17.1,0.0,17.1
5904,寶雅*,TPEX,2021,18.7,0.3,19.0
5904,寶雅*,TPEX,2022,11.0,0.1,11.1
5904,寶雅*,TPEX,2023,23.9,0.1,24.0
5904,寶雅*,TPEX,2024,21.0,0.1,21.1
5904,寶雅*,TPEX,2025,23.0,0.1,23.1
5904,寶雅*,TPEX,2026,25.5,0.0,25.5
8096,擎亞,TPEX,2016,0.08,1.42,1.5
8096,擎亞,TPEX,2018,0.2,0.0,0.2
8096,擎亞,TPEX,2020,0.2,0.2,0.4
8096,擎亞,TPEX,2021,0.2,0.2,0.4
8096,擎亞,TPEX,2022,0.25,0.25,0.5
8096,擎亞,TPEX,2023,0.03,0.03,0.06
8096,擎亞,TPEX,2025,0.5,0.0,0.5
8096,擎亞,TPEX,2026,0.5,0.0,0.5
3455,由田,TPEX,2015,0.4991,0.0,0.4991
3455,由田,TPEX,2016,2.5,0.0,2.5
3455,由田,TPEX,2017,3.4983,0.0,3.4983
3455,由田,TPEX,2018,2.0541,0.0,2.0541
3455,由田,TPEX,2019,3.0,0.0,3.0
3455,由田,TPEX,2020,3.0,0.0,3.0
3455,由田,TPEX,2021,4.0,0.0,4.0
3455,由田,TPEX,2022,5.5,0.0,5.5
3455,由田,TPEX,2023,8.5,0.0,8.5
3455,由田,TPEX,2024,5.0,0.0,5.0
3455,由田,TPEX,2025,4.5,0.0,4.5
3455,由田,TPEX,2026,3.5,0.0,3.5
8064,東捷,TPEX,2015,1.0042,0.0,1.0042
8064,東捷,TPEX,2016,0.5003,0.0,0.5003
8064,東捷,TPEX,2017,0.8502,0.0,0.8502
8064,東捷,TPEX,2019,1.0,0.0,1.0
8064,東捷,TPEX,2020,1.0,0.0,1.0
8064,東捷,TPEX,2021,0.2,0.0,0.2
8064,東捷,TPEX,2022,1.25,0.0,1.25
8064,東捷,TPEX,2023,1.5,0.0,1.5
8064,東捷,TPEX,2024,0.7,0.0,0.7
8064,東捷,TPEX,2025,0.6,0.0,0.6
8064,東捷,TPEX,2026,0.981,0.0,0.981
8155,博智,TPEX,2015,2.0,0.0,2.0
8155,博智,TPEX,2016,2.0,0.0,2.0
8155,博智,TPEX,2017,2.93,0.0,2.93
8155,博智,TPEX,2018,5.5,0.0,5.5
8155,博智,TPEX,2019,5.6,0.0,5.6
8155,博智,TPEX,2020,3.6,0.0,3.6
8155,博智,TPEX,2021,7.0,0.0,7.0
8155,博智,TPEX,2022,6.0,0.0,6.0
8155,博智,TPEX,2023,7.3014,0.0,7.3014
8155,博智,TPEX,2024,3.6,0.0,3.6
8155,博智,TPEX,2025,3.8,0.0,3.8
8155,博智,TPEX,2026,5.1577,0.0,5.1577
6207,雷科,TPEX,2015,1.86,0.0,1.86
6207,雷科,TPEX,2016,2.5,0.0,2.5
6207,雷科,TPEX,2017,1.5,0.0,1.5
6207,雷科,TPEX,2018,1.8,0.0,1.8
6207,雷科,TPEX,2019,2.5,0.0,2.5
6207,雷科,TPEX,2020,1.2012,0.0,1.2012
6207,雷科,TPEX,2021,1.5,0.0,1.5
6207,雷科,TPEX,2022,1.5,0.0,1.5
6207,雷科,TPEX,2023,1.5,0.0,1.5
6207,雷科,TPEX,2024,1.5,0.0,1.5
6207,雷科,TPEX,2025,1.5,0.0,1.5
6207,雷科,TPEX,2026,0.6028,0.0,0.6028
1785,光洋科,TPEX,2015,0.8,0.0,0.8
1785,光洋科,TPEX,2019,0.0,0.0,0.0
1785,光洋科,TPEX,2020,1.0,0.0,1.0
1785,光洋科,TPEX,2021,1.2,0.0,1.2
1785,光洋科,TPEX,2022,1.4906,0.0,1.4906
1785,光洋科,TPEX,2023,1.5006,0.0,1.5006
1785,光洋科,TPEX,2024,1.2001,0.0,1.2001
1785,光洋科,TPEX,2025,2.0002,0.0,2.0002
1785,光洋科,TPEX,2026,2.0001,0.0,2.0001
6265,方土昶,TPEX,2015,0.868,0.0,0.868
6265,方土昶,TPEX,2016,0.5501,0.0,0.5501
3339,泰谷,TPEX,2021,0.0,0.0,0.0
8227,巨有科技,TPEX,2023,1.5,0.0,1.5
8227,巨有科技,TPEX,2024,2.3,0.0,2.3
8227,巨有科技,TPEX,2025,1.6,0.0,1.6
8227,巨有科技,TPEX,2026,1.7,0.0,1.7
7777,能率亞洲,TPEX,2026,0.025,0.225,0.25
6907,雅特力-KY,TPEX,2026,0.9944,0.0,0.9944
4971,IET-KY,TPEX,2015,1.3752,0.0,1.3752
4971,IET-KY,TPEX,2016,1.9989,0.4997,2.4986
4971,IET-KY,TPEX,2017,1.9957,0.0,1.9957
4971,IET-KY,TPEX,2018,2.0,0.0,2.0
4971,IET-KY,TPEX,2019,0.9918,0.0,0.9918
4971,IET-KY,TPEX,2020,1.0147,0.0,1.0147
4971,IET-KY,TPEX,2021,1.0,0.0,1.0
4971,IET-KY,TPEX,2022,1.5001,0.0,1.5001
4971,IET-KY,TPEX,2023,1.9977,0.0,1.9977
4971,IET-KY,TPEX,2026,0.8474,0.0,0.8474
4542,科嶠,TPEX,2015,3.0,1.0,4.0
4542,科嶠,TPEX,2016,0.6,0.0,0.6
4542,科嶠,TPEX,2018,1.8,0.0,1.8
4542,科嶠,TPEX,2019,1.2,0.0,1.2
4542,科嶠,TPEX,2020,1.2,0.0,1.2
4542,科嶠,TPEX,2021,1.0,0.0,1.0
4542,科嶠,TPEX,2022,1.0,0.0,1.0
4542,科嶠,TPEX,2023,0.5,0.0,0.5
4542,科嶠,TPEX,2024,1.5,0.0,1.5
4542,科嶠,TPEX,2025,0.9989,0.0,0.9989
4542,科嶠,TPEX,2026,0.9346,0.0,0.9346
7792,安葆,TPEX,2025,9.0,0.0,9.0
7792,安葆,TPEX,2026,8.0,0.0,8.0
6435,大中,TPEX,2015,2.953,0.0,2.953
6435,大中,TPEX,2016,3.0,0.0,3.0
6435,大中,TPEX,2017,3.0,0.0,3.0
6435,大中,TPEX,2018,3.5,0.0,3.5
6435,大中,TPEX,2019,7.0663,0.0,7.0663
6435,大中,TPEX,2020,4.3,0.0,4.3
6435,大中,TPEX,2021,5.0,0.0,5.0
6435,大中,TPEX,2022,7.2,0.0,7.2
6435,大中,TPEX,2023,3.0,1.0,4.0
6435,大中,TPEX,2024,2.8,0.0,2.8
6435,大中,TPEX,2025,4.3017,0.0,4.3017
6435,大中,TPEX,2026,7.5,0.0,7.5
3265,台星科,TPEX,2015,2.2648,0.0,2.2648
3265,台星科,TPEX,2016,0.25,0.0,0.25
3265,台星科,TPEX,2017,0.85,0.0,0.85
3265,台星科,TPEX,2018,1.3,0.0,1.3
3265,台星科,TPEX,2019,1.2,0.0,1.2
3265,台星科,TPEX,2020,1.5,0.0,1.5
3265,台星科,TPEX,2021,1.2294,0.0,1.2294
3265,台星科,TPEX,2022,2.3,0.0,2.3
3265,台星科,TPEX,2023,5.0,0.0,5.0
3265,台星科,TPEX,2024,4.8,0.0,4.8
3265,台星科,TPEX,2025,4.6,0.0,4.6
3265,台星科,TPEX,2026,4.1,0.0,4.1
5328,華容,TPEX,2017,0.3109,0.0,0.3109
5328,華容,TPEX,2022,0.15,0.0,0.15
5328,華容,TPEX,2024,0.35,0.0,0.35
5328,華容,TPEX,2025,0.6,0.0,0.6
5328,華容,TPEX,2026,0.35,0.0,0.35
4749,新應材,TPEX,2022,1.0001,0.0,1.0001
4749,新應材,TPEX,2023,3.0024,0.0,3.0024
4749,新應材,TPEX,2024,2.7942,0.0,2.7942
4749,新應材,TPEX,2025,5.989,0.0,5.989
4749,新應材,TPEX,2026,8.0,0.0,8.0
5498,凱崴,TPEX,2018,0.018,0.162,0.18
5498,凱崴,TPEX,2020,0.03,0.27,0.3
5498,凱崴,TPEX,2021,0.2,0.4,0.6
5498,凱崴,TPEX,2023,0.0999,0.1149,0.2148
5498,凱崴,TPEX,2025,0.1494,0.0,0.1494
3707,漢磊,TPEX,2017,0.0,0.0,0.0
3707,漢磊,TPEX,2019,0.15,0.0,0.15
3707,漢磊,TPEX,2021,0.0,0.0,0.0
3707,漢磊,TPEX,2022,0.3473,0.0,0.3473
3707,漢磊,TPEX,2023,1.0,0.0,1.0
6138,茂達,TPEX,2015,1.8935,0.0,1.8935
6138,茂達,TPEX,2016,1.5,0.0,1.5
6138,茂達,TPEX,2017,2.11,0.0,2.11
6138,茂達,TPEX,2018,2.4001,0.0,2.4001
6138,茂達,TPEX,2019,4.203,0.0,4.203
6138,茂達,TPEX,2020,4.3311,0.0,4.3311
6138,茂達,TPEX,2021,5.201,0.0,5.201
6138,茂達,TPEX,2022,9.0204,0.0,9.0204
6138,茂達,TPEX,2023,9.0001,0.0,9.0001
6138,茂達,TPEX,2024,5.9697,0.0,5.9697
6138,茂達,TPEX,2025,8.6007,0.0,8.6007
6138,茂達,TPEX,2026,10.948,0.0,10.948
4129,聯合,TPEX,2015,1.2113,0.0,1.2113
4129,聯合,TPEX,2016,1.6001,0.0,1.6001
4129,聯合,TPEX,2017,1.3876,0.0,1.3876
4129,聯合,TPEX,2018,1.2597,0.0,1.2597
4129,聯合,TPEX,2019,2.0004,0.0,2.0004
4129,聯合,TPEX,2020,0.8205,0.0,0.8205
4129,聯合,TPEX,2021,0.8369,0.0,0.8369
4129,聯合,TPEX,2023,2.2753,0.0,2.2753
4129,聯合,TPEX,2024,4.0027,0.0,4.0027
4129,聯合,TPEX,2025,4.0,0.0,4.0
4129,聯合,TPEX,2026,4.5,0.0,4.5
7712,博盛半導體,TPEX,2024,1.5,0.0,1.5
7712,博盛半導體,TPEX,2025,4.0,0.0,4.0
7712,博盛半導體,TPEX,2026,4.0,0.0,4.0
4303,信立,TPEX,2015,0.1,0.1,0.2
4303,信立,TPEX,2016,0.3,0.3,0.6
4303,信立,TPEX,2018,30.0,25.0,55.0
4303,信立,TPEX,2019,1.2,0.0,1.2
4303,信立,TPEX,2020,1.2,0.0,1.2
4303,信立,TPEX,2021,0.3,0.0,0.3
4303,信立,TPEX,2022,1.1,0.0,1.1
4303,信立,TPEX,2024,1.1644,0.0,1.1644
4303,信立,TPEX,2025,1.0,2.0,3.0
4303,信立,TPEX,2026,1.0,4.0,5.0
6121,新普,TPEX,2015,7.0,0.0,7.0
6121,新普,TPEX,2016,7.0,0.0,7.0
6121,新普,TPEX,2017,6.0,0.0,6.0
6121,新普,TPEX,2018,10.0,0.0,10.0
6121,新普,TPEX,2019,11.5,0.0,11.5
6121,新普,TPEX,2020,14.5,0.0,14.5
6121,新普,TPEX,2021,19.1,0.0,19.1
6121,新普,TPEX,2022,39.1,0.0,39.1
6121,新普,TPEX,2023,24.5,0.0,24.5
6121,新普,TPEX,2024,20.8,0.0,20.8
6121,新普,TPEX,2025,20.9,0.0,20.9
6121,新普,TPEX,2026,12.3,0.0,12.3
3490,單井,TPEX,2015,3.7139,0.0,3.7139
3490,單井,TPEX,2016,0.2141,0.8562,1.0703
3490,單井,TPEX,2017,0.25,0.25,0.5
3490,單井,TPEX,2018,0.5,0.0,0.5
3490,單井,TPEX,2019,0.4893,0.0,0.4893
3490,單井,TPEX,2020,0.5,0.0,0.5
3490,單井,TPEX,2021,0.7,0.0,0.7
3490,單井,TPEX,2022,1.2,0.0,1.2
3490,單井,TPEX,2023,1.3,0.0,1.3
3490,單井,TPEX,2024,1.2,0.0,1.2
3490,單井,TPEX,2025,1.0,0.0,1.0
3490,單井,TPEX,2026,0.5,0.0,0.5
6617,共信-KY,TPEX,2018,0.0,0.0,0.0
6617,共信-KY,TPEX,2020,0.0,0.0,0.0
6617,共信-KY,TPEX,2022,0.0,0.0,0.0
6190,萬泰科,TPEX,2017,0.5097,0.0,0.5097
6190,萬泰科,TPEX,2018,0.6,0.0,0.6
6190,萬泰科,TPEX,2019,1.0,0.0,1.0
6190,萬泰科,TPEX,2020,0.8,0.0,0.8
6190,萬泰科,TPEX,2021,1.0077,0.0,1.0077
6190,萬泰科,TPEX,2022,1.3935,0.0,1.3935
6190,萬泰科,TPEX,2023,2.0,0.0,2.0
6190,萬泰科,TPEX,2024,1.1627,0.0,1.1627
6190,萬泰科,TPEX,2025,1.8981,0.0,1.8981
6190,萬泰科,TPEX,2026,1.933,0.0,1.933
8383,千附,TPEX,2015,1.9673,0.0,1.9673
8383,千附,TPEX,2016,2.2,0.0,2.2
8383,千附,TPEX,2017,2.7,0.0,2.7
8383,千附,TPEX,2018,2.7,0.0,2.7
8383,千附,TPEX,2019,2.5,0.0,2.5
8383,千附,TPEX,2020,2.5,0.0,2.5
8383,千附,TPEX,2021,0.0,0.0,0.0
8383,千附,TPEX,2022,2.6128,0.0,2.6128
8383,千附,TPEX,2023,2.5,0.0,2.5
8383,千附,TPEX,2024,1.5,0.0,1.5
8383,千附,TPEX,2025,2.5,0.0,2.5
8383,千附,TPEX,2026,2.5,0.0,2.5
8043,蜜望實,TPEX,2015,1.0,0.0,1.0
8043,蜜望實,TPEX,2016,0.8,0.0,0.8
8043,蜜望實,TPEX,2017,1.0,0.0,1.0
8043,蜜望實,TPEX,2018,0.8,0.0,0.8
8043,蜜望實,TPEX,2019,2.6,0.0,2.6
8043,蜜望實,TPEX,2020,0.5,0.0,0.5
8043,蜜望實,TPEX,2021,0.202,0.0,0.202
8043,蜜望實,TPEX,2022,1.0,0.0,1.0
8043,蜜望實,TPEX,2023,1.08,0.0,1.08
8043,蜜望實,TPEX,2024,0.2,0.0,0.2
8043,蜜望實,TPEX,2025,0.8,0.0,0.8
8043,蜜望實,TPEX,2026,0.9,0.0,0.9
6517,保勝光學,TPEX,2015,0.1791,0.0,0.1791
6517,保勝光學,TPEX,2017,0.0,0.0,0.0
6517,保勝光學,TPEX,2022,0.5,0.0,0.5
6517,保勝光學,TPEX,2023,1.2,0.0,1.2
6517,保勝光學,TPEX,2024,1.5,0.0,1.5
6517,保勝光學,TPEX,2025,1.5,0.0,1.5
6517,保勝光學,TPEX,2026,1.5,0.0,1.5
8042,金山電,TPEX,2015,3.0,0.0,3.0
8042,金山電,TPEX,2016,3.0,0.0,3.0
8042,金山電,TPEX,2017,3.4703,0.0,3.4703
8042,金山電,TPEX,2018,2.9419,0.0,2.9419
8042,金山電,TPEX,2019,2.0,0.0,2.0
8042,金山電,TPEX,2020,0.0,0.3,0.3
8042,金山電,TPEX,2021,0.7,0.3,1.0
8042,金山電,TPEX,2022,1.0,0.0,1.0
8042,金山電,TPEX,2023,1.5,0.0,1.5
8042,金山電,TPEX,2024,1.2,0.0,1.2
8042,金山電,TPEX,2025,1.5,0.0,1.5
8042,金山電,TPEX,2026,1.1959,0.0,1.1959
6640,均華,TPEX,2018,3.0,0.0,3.0
6640,均華,TPEX,2019,3.0,0.0,3.0
6640,均華,TPEX,2020,3.0,0.0,3.0
6640,均華,TPEX,2021,3.0,0.0,3.0
6640,均華,TPEX,2022,5.0,0.0,5.0
6640,均華,TPEX,2023,6.0,0.0,6.0
6640,均華,TPEX,2024,5.0,0.0,5.0
6640,均華,TPEX,2025,15.0,0.0,15.0
6640,均華,TPEX,2026,15.0,0.0,15.0
6643,M31,TPEX,2018,4.5,0.0,4.5
6643,M31,TPEX,2019,7.0,0.0,7.0
6643,M31,TPEX,2020,7.5509,0.0,7.5509
6643,M31,TPEX,2021,8.0,0.0,8.0
6643,M31,TPEX,2022,6.3006,0.0,6.3006
6643,M31,TPEX,2023,8.0005,1.0001,9.0006
6643,M31,TPEX,2024,8.0011,2.0003,10.0014
6643,M31,TPEX,2025,2.0004,0.0,2.0004
6643,M31,TPEX,2026,1.1917,0.0,1.1917
6530,創威,TPEX,2016,1.0,0.0,1.0
6530,創威,TPEX,2017,1.0,0.0,1.0
6530,創威,TPEX,2018,1.0,0.0,1.0
6530,創威,TPEX,2019,1.0,0.0,1.0
6530,創威,TPEX,2020,1.0,0.0,1.0
6530,創威,TPEX,2021,1.0,0.0,1.0
6530,創威,TPEX,2022,1.1,0.0,1.1
6530,創威,TPEX,2023,1.5,0.0,1.5
6530,創威,TPEX,2024,1.2,0.0,1.2
6530,創威,TPEX,2025,1.55,0.0,1.55
6530,創威,TPEX,2026,2.0,0.0,2.0
6104,創惟,TPEX,2015,3.9993,0.0,3.9993
6104,創惟,TPEX,2016,3.0,0.0,3.0
6104,創惟,TPEX,2017,3.0,0.0,3.0
6104,創惟,TPEX,2018,1.3,0.0,1.3
6104,創惟,TPEX,2019,2.36,0.0,2.36
6104,創惟,TPEX,2020,2.0,0.0,2.0
6104,創惟,TPEX,2021,3.0,0.0,3.0
6104,創惟,TPEX,2022,4.5,0.0,4.5
6104,創惟,TPEX,2023,2.5,0.0,2.5
6104,創惟,TPEX,2024,1.8,0.0,1.8
6104,創惟,TPEX,2025,2.9973,0.0,2.9973
6104,創惟,TPEX,2026,4.5,0.0,4.5
6584,南俊國際,TPEX,2017,2.0,0.0,2.0
6584,南俊國際,TPEX,2018,0.8,0.0,0.8
6584,南俊國際,TPEX,2019,0.6,0.0,0.6
6584,南俊國際,TPEX,2020,0.6,0.0,0.6
6584,南俊國際,TPEX,2021,0.0,0.0,0.0
6584,南俊國際,TPEX,2022,0.8975,0.0,0.8975
6584,南俊國際,TPEX,2023,1.0692,0.0,1.0692
6584,南俊國際,TPEX,2024,1.0002,0.0,1.0002
6584,南俊國際,TPEX,2025,1.501,0.0,1.501
6584,南俊國際,TPEX,2026,2.4407,0.0,2.4407
5392,能率,TPEX,2015,0.1,0.9,1.0
5392,能率,TPEX,2016,1.0,0.0,1.0
5392,能率,TPEX,2017,0.4383,0.5617,1.0
5392,能率,TPEX,2018,1.0,1.1,2.1
5392,能率,TPEX,2019,0.4732,0.4732,0.9464
5392,能率,TPEX,2020,0.503,0.2012,0.7042
5392,能率,TPEX,2021,0.3018,0.0,0.3018
5392,能率,TPEX,2022,0.3018,0.0,0.3018
5392,能率,TPEX,2023,0.3018,0.0,0.3018
5392,能率,TPEX,2024,0.3,0.0,0.3
5392,能率,TPEX,2025,0.2,0.45,0.65
5392,能率,TPEX,2026,0.2,0.2,0.4
4707,磐亞,TPEX,2016,0.1,0.5,0.6
4707,磐亞,TPEX,2017,0.1,0.9,1.0
4707,磐亞,TPEX,2018,0.1,0.9,1.0
4707,磐亞,TPEX,2019,0.1,0.7,0.8
4707,磐亞,TPEX,2020,0.15,0.55,0.7
4707,磐亞,TPEX,2021,0.15,0.85,1.0
4707,磐亞,TPEX,2022,0.15,0.75,0.9
4707,磐亞,TPEX,2023,0.15,0.75,0.9
4707,磐亞,TPEX,2024,0.25,0.65,0.9
4707,磐亞,TPEX,2025,0.25,0.0,0.25
4707,磐亞,TPEX,2026,0.25,0.25,0.5
3587,閎康,TPEX,2015,4.0,0.0,4.0
3587,閎康,TPEX,2016,2.9611,0.0,2.9611
3587,閎康,TPEX,2017,3.5,0.0,3.5
3587,閎康,TPEX,2018,2.5,0.0,2.5
3587,閎康,TPEX,2019,3.0,0.0,3.0
3587,閎康,TPEX,2020,3.0,0.0,3.0
3587,閎康,TPEX,2021,4.5,0.0,4.5
3587,閎康,TPEX,2022,5.0,0.0,5.0
3587,閎康,TPEX,2023,8.0754,0.0,8.0754
3587,閎康,TPEX,2024,8.9266,0.0,8.9266
3587,閎康,TPEX,2025,6.9391,0.0,6.9391
3587,閎康,TPEX,2026,4.2083,0.0,4.2083
3221,台嘉碩,TPEX,2015,1.2993,0.0,1.2993
3221,台嘉碩,TPEX,2016,0.986,0.0,0.986
3221,台嘉碩,TPEX,2017,0.9991,0.0,0.9991
3221,台嘉碩,TPEX,2018,0.4786,0.0,0.4786
3221,台嘉碩,TPEX,2019,0.4177,0.0,0.4177
3221,台嘉碩,TPEX,2020,0.1997,0.0,0.1997
3221,台嘉碩,TPEX,2021,0.2003,0.0,0.2003
3221,台嘉碩,TPEX,2022,2.0958,0.0,2.0958
3221,台嘉碩,TPEX,2023,2.501,0.0,2.501
3221,台嘉碩,TPEX,2024,0.7003,0.0,0.7003
3221,台嘉碩,TPEX,2025,0.9004,0.0,0.9004
3221,台嘉碩,TPEX,2026,0.277,0.0,0.277
3357,臺慶科,TPEX,2015,1.5115,0.0,1.5115
3357,臺慶科,TPEX,2016,1.68,0.0,1.68
3357,臺慶科,TPEX,2017,1.6,0.0,1.6
3357,臺慶科,TPEX,2018,1.7,0.0,1.7
3357,臺慶科,TPEX,2019,3.2,0.0,3.2
3357,臺慶科,TPEX,2020,2.7,0.0,2.7
3357,臺慶科,TPEX,2021,4.1,0.0,4.1
3357,臺慶科,TPEX,2022,7.0,0.0,7.0
3357,臺慶科,TPEX,2023,6.0,0.0,6.0
3357,臺慶科,TPEX,2024,4.5,0.0,4.5
3357,臺慶科,TPEX,2025,5.0,0.0,5.0
3357,臺慶科,TPEX,2026,5.0848,0.0,5.0848
4541,晟田,TPEX,2015,1.2,0.0,1.2
4541,晟田,TPEX,2016,0.9,0.0,0.9
4541,晟田,TPEX,2017,0.3,0.0,0.3
4541,晟田,TPEX,2018,0.3,0.0,0.3
4541,晟田,TPEX,2019,1.0947,0.0,1.0947
4541,晟田,TPEX,2020,0.7192,0.0,0.7192
4541,晟田,TPEX,2021,0.2,0.0,0.2
4541,晟田,TPEX,2022,0.4,0.0,0.4
4541,晟田,TPEX,2023,1.4,0.0,1.4
4541,晟田,TPEX,2025,0.75,0.0,0.75
4541,晟田,TPEX,2026,1.4,0.0,1.4
4973,廣穎,TPEX,2015,1.5013,0.0,1.5013
4973,廣穎,TPEX,2016,1.2016,0.0,1.2016
4973,廣穎,TPEX,2017,1.8002,0.0,1.8002
4973,廣穎,TPEX,2018,1.0,0.0,1.0
4973,廣穎,TPEX,2019,1.2,0.0,1.2
4973,廣穎,TPEX,2020,1.2,0.0,1.2
4973,廣穎,TPEX,2021,1.0,0.0,1.0
4973,廣穎,TPEX,2022,1.0,0.0,1.0
4973,廣穎,TPEX,2023,2.0,0.0,2.0
4973,廣穎,TPEX,2024,2.0,0.0,2.0
4973,廣穎,TPEX,2025,1.0,0.0,1.0
4973,廣穎,TPEX,2026,1.0,0.0,1.0
6199,天品,TPEX,2018,0.2,0.0,0.2
6199,天品,TPEX,2019,0.2,0.0,0.2
6199,天品,TPEX,2020,0.2,0.0,0.2
2221,大甲,TPEX,2015,0.312,0.0,0.312
2221,大甲,TPEX,2016,1.0136,0.0,1.0136
2221,大甲,TPEX,2017,1.3031,0.0,1.3031
2221,大甲,TPEX,2018,1.5035,0.0,1.5035
2221,大甲,TPEX,2019,2.105,0.0,2.105
2221,大甲,TPEX,2020,1.5,0.0,1.5
2221,大甲,TPEX,2021,1.0,0.0,1.0
2221,大甲,TPEX,2022,3.0,0.0,3.0
2221,大甲,TPEX,2023,4.0,0.0,4.0
2221,大甲,TPEX,2024,1.3,0.0,1.3
2221,大甲,TPEX,2025,1.3,0.0,1.3
2221,大甲,TPEX,2026,1.5,0.0,1.5
8436,大江,TPEX,2015,0.9997,0.9997,1.9994
8436,大江,TPEX,2016,1.4628,1.1702,2.633
8436,大江,TPEX,2017,2.0094,1.507,3.5164
8436,大江,TPEX,2018,2.6883,1.4935,4.1818
8436,大江,TPEX,2019,6.9531,1.4899,8.443
8436,大江,TPEX,2020,8.8825,0.0,8.8825
8436,大江,TPEX,2021,8.8419,0.0,8.8419
8436,大江,TPEX,2022,8.9189,0.0,8.9189
8436,大江,TPEX,2023,5.0226,0.0,5.0226
8436,大江,TPEX,2024,7.0,0.0,7.0
8436,大江,TPEX,2025,10.0,0.0,10.0
8436,大江,TPEX,2026,6.0134,0.0,6.0134
5386,青雲,TPEX,2015,0.0,0.5,0.5
5386,青雲,TPEX,2016,1.0,1.0,2.0
5386,青雲,TPEX,2017,1.3,0.0,1.3
5386,青雲,TPEX,2018,1.0,1.5,2.5
5386,青雲,TPEX,2019,0.5,1.5,2.0
5386,青雲,TPEX,2020,0.5,0.5,1.0
5386,青雲,TPEX,2021,0.3,0.5,0.8
5386,青雲,TPEX,2022,0.4,0.8,1.2
5386,青雲,TPEX,2023,0.3,0.7,1.0
5386,青雲,TPEX,2024,0.4,0.9,1.3
5386,青雲,TPEX,2025,0.5905,1.3779,1.9685
5386,青雲,TPEX,2026,1.5,5.0,6.5
